Country_ISO3,Description,Cluster,Category,Population,In_Need,Targeted,Affected,Reached,Info,code,internalId,startDate,endDate,planVersion,categories,locations,years,origRequirements,revisedRequirements,funding_per_capita,is_overlooked
HTI,Final HNRP,ALL,null,11899555,6414193,4162202,null,null,null,HHTI26,8278,2026-01-01,2026-12-31,Haiti Besoins Humanitaires et Plan de Réponse 2026,Humanitarian needs and response plan | cluster | fr,HTI,2026,880327426,880327426,137.24679378995924,false
MLI,GHO Estimates,ALL,null,25200000,5100000,3800000,null,null,null,HMLI26,8128,2026-01-01,2026-12-31,Mali Besoins Humanitaires et Plan de Réponse 2026,Humanitarian needs and response plan | cluster | fr,MLI,2026,0,551000000,108.03921568627452,false
MMR,Final caseload,ALL,null,54900000,16229050,4868096,null,null,null,HMMR26,8308,2026-01-01,2026-12-31,Myanmar Humanitarian Needs and Response Plan 2026,Humanitarian needs and response plan | cluster | en,MMR,2026,889600798,889600798,54.81533225912792,false
NER,GHO Estimates,ALL,null,27900000,2600000,1600000,null,null,null,HNER26,8124,2026-01-01,2026-12-31,Niger Besoins Humanitaires et Plan de Réponse 2026,Humanitarian needs and response plan | cluster | fr,NER,2026,0,449000000,172.69230769230768,false
NGA,GHO Estimates,ALL,null,237500000,5900000,2500000,null,null,null,HNGA26,8315,2026-01-01,2026-12-31,Nigeria Humanitarian Needs and Response Plan 2026,Humanitarian needs and response plan | sector | en,NGA,2026,516399423,516399423,87.52532610169492,false
SYR,GHO Estimates,ALL,null,25600000,16500000,10300000,null,null,null,HSYR26,8103,2026-01-01,2026-12-31,Syrian Arab Republic Humanitarian Response Priorities 2026,Humanitarian needs and response plan | sector | en,SYR,2026,0,3190000000,193.3333410909091,false
SDN,Final,ALL,null,51700000,33699770,20419163,null,null,null,HSDN26,8122,2026-01-01,2026-12-31,Sudan Humanitarian Needs and Response Plan 2026,Humanitarian needs and response plan | cluster | en,SDN,2026,0,2866228594,85.05187572804655,false
AFG,Plan caseload,ALL,null,48595632,21889283,17479657,null,null,null,HAFG26,8282,2026-01-01,2026-12-31,Afghanistan Humanitarian Needs and Response Plan 2026,Humanitarian needs and response plan | cluster | en,AFG,2026,1714181496,1714181496,78.311447007586,false
BFA,GHO Estimates,ALL,null,24100000,4400000,3100000,null,null,null,HBFA26,8150,2026-01-01,2026-12-31,Burkina Faso Besoins Humanitaires et Plan de Réponse 2026,Humanitarian needs and response plan | cluster | fr,BFA,2026,0,662000000,150.45454545454547,false
SSD,Final caseload,ALL,null,14363363,9913863,4343435,null,null,null,HSSD26,8300,2026-01-01,2026-12-31,South Sudan Humanitarian Needs and Response Plan 2026,Humanitarian needs and response plan | cluster | en,SSD,2026,0,1463046056,147.575775053579,false
UKR,Final,ALL,null,34200000,10849697,4118954,null,null,null,HUKR26,8314,2026-01-01,2026-12-31,Ukraine Humanitarian Needs and Response Plan 2026,Humanitarian needs and response plan | cluster | en,UKR,2026,0,2303961975,212.35264505543336,false
COL,GHO Estimates,ALL,null,53400000,6900000,2600000,null,null,null,HCOL26,8148,2026-01-01,2026-12-31,Colombia Necesidades Humanitarias y Plan de Respuesta 2026,Humanitarian needs and response plan | cluster | es,COL,2026,0,384000000,55.65217391304348,false
COD,Final Caseload,ALL,null,112800000,14940727,7313763,null,null,null,HCOD26,8324,2026-01-01,2026-12-31,République Démocratique du Congo Besoins Humanitaires et Plan de Réponse 2026,Humanitarian needs and response plan | cluster | fr,COD,2026,1403721718,1403721718,93.95270578198772,false
TCD,Final Caseload,ALL,null,21000000,4509014,3352810,null,null,null,HTCD26,8222,2026-01-01,2026-12-31,Tchad Besoins Humanitaires et Plan de Réponse 2026,Humanitarian needs and response plan | sector | fr,TCD,2026,0,975000000,216.23352688636584,false
MOZ,HNRP caseload,ALL,null,35600000,2356162,1745582,null,null,null,HMOZ26,8294,2026-01-01,2026-12-31,Mozambique Humanitarian Needs and Response Plan 2026,Humanitarian needs and response plan | cluster | en,MOZ,2026,347649861,347649861,147.5492160556023,false
SOM,Final,ALL,null,19700000,4796040,2430751,null,null,null,HSOM26,8118,2026-01-01,2026-12-31,Somalia Humanitarian Needs and Response Plan 2026,Humanitarian needs and response plan | cluster | en,SOM,2026,0,850000000,177.22954771019425,false
VEN,GHO Estimates,ALL,null,28500000,7900000,5400000,null,null,null,HVEN26,8116,2026-01-01,2026-12-31,Venezuela Plan de Respuesta Humanitaria 2026,Humanitarian needs and response plan | cluster | es,VEN,2026,0,606000000,76.70886075949367,false
YEM,GHO Estimates,ALL,null,41800000,23100000,10500000,null,null,null,HYEM26,8112,2026-01-01,2026-12-31,Yemen Humanitarian Needs and Response Plan 2026,Humanitarian needs and response plan | cluster | en,YEM,2026,0,2470000000,106.92641246753247,false
CMR,GHO Estimates,ALL,null,29900000,2900000,1800000,null,null,null,HCMR26,8152,2026-01-01,2026-12-31,Cameroon Humanitarian Needs and Response Plan 2026,Humanitarian needs and response plan | cluster | en,CMR,2026,0,308000000,106.20689655172414,false
CAF,Final,ALL,null,6567382,2286959,1265483,null,null,null,HCAF26,8307,2026-01-01,2026-12-31,République Centrafricaine Besoins Humanitaires et Plan de Réponse 2026,Humanitarian needs and response plan | cluster | fr,CAF,2026,0,264097388,115.47972307330389,false
MMR,Final caseload,ALL,null,54900000,16229050,4868096,null,null,null,HMMR25a,7332,2025-04-01,2025-12-31,Myanmar Earthquake HNRP Flash Addendum 2025,Humanitarian needs and response plan | cluster | en,MMR,2025,275150034,275150034,16.95416848182734,true
CAF,Final,ALL,null,6567382,2286959,1265483,null,null,null,HCAF25,7220,2025-01-01,2025-12-31,République Centrafricaine Besoins Humanitaires et Plan de Réponse 2025,Humanitarian needs and response plan | cluster | fr,CAF,2025,326056578,326056578,142.57211257394644,false
COD,Final Caseload,ALL,null,112800000,14940727,7313763,null,null,null,HCOD25,7537,2025-01-01,2025-12-31,République Démocratique du Congo Besoins Humanitaires et Plan de Réponse 2025,Humanitarian needs and response plan | cluster | fr,COD,2025,2538016151,2538016151,169.87233994704542,false
VEN,GHO Estimates,ALL,null,28500000,7900000,5400000,null,null,null,HVEN25,7970,2025-01-01,2025-12-31,Venezuela Plan de Respuesta Humanitaria 2025,cluster | es | Humanitarian response plan,VEN,2025,0,606497714,76.77186430379747,false
MMR,Final caseload,ALL,null,54900000,16229050,4868096,null,null,null,HMMR25b,8007,2025-01-01,2025-12-31,Myanmar Original Humanitarian Needs and Response Plan 2025,Humanitarian needs and response plan | cluster | en,MMR,2025,1137811569,1137811569,70.10956180429538,false
YEM,GHO Estimates,ALL,null,41800000,23100000,10500000,null,null,null,HYEM25,7842,2025-01-01,2025-12-31,Yemen Humanitarian Needs and Response Plan 2025,Humanitarian needs and response plan | cluster | en,YEM,2025,2478772922,2478772922,107.30619012987013,false
NER,GHO Estimates,ALL,null,27900000,2600000,1600000,null,null,null,HNER25,7972,2025-01-01,2025-12-31,Niger Besoins Humanitaires et Plan de Réponse 2025,Humanitarian needs and response plan | cluster | fr,NER,2025,603027582,603027582,231.93368615384617,false
SOM,Final,ALL,null,19700000,4796040,2430751,null,null,null,HSOM25,7241,2025-01-01,2025-12-31,Somalia Humanitarian Needs and Response Plan 2025,Humanitarian needs and response plan | cluster | en,SOM,2025,1421988955,1421988955,296.4923128247471,false
CMR,GHO Estimates,ALL,null,29900000,2900000,1800000,null,null,null,HCMR25,7890,2025-01-01,2025-12-31,Cameroon Humanitarian Response Plan 2025,cluster | en | Humanitarian response plan,CMR,2025,359298328,359298328,123.89597793103448,false
MLI,GHO Estimates,ALL,null,25200000,5100000,3800000,null,null,null,HMLI25,7891,2025-01-01,2025-12-31,Mali Besoins Humanitaires et Plan de Réponse 2025,Humanitarian needs and response plan | cluster | fr,MLI,2025,771314315,771314315,151.2380988235294,false
MOZ,HNRP caseload,ALL,null,35600000,2356162,1745582,null,null,null,FMOZ25a,7034,2025-01-01,2025-06-30,Mozambique Tropical Cyclones Flash Appeal 2025,cluster | en | Flash appeal,MOZ,2025,88297242,197543124,83.84106016479342,false
BFA,GHO Estimates,ALL,null,24100000,4400000,3100000,null,null,null,HBFA25,7940,2025-01-01,2025-12-31,Burkina Faso Besoins Humanitaires et Plan de Réponse 2025,Humanitarian needs and response plan | cluster | fr,BFA,2025,792565236,792565236,180.12846545454545,false
NGA,GHO Estimates,ALL,null,237500000,5900000,2500000,null,null,null,HNGA25,7934,2025-01-01,2025-12-31,Nigeria Humanitarian Needs and Response Plan 2025,Humanitarian needs and response plan | sector | en,NGA,2025,910246471,910246471,154.27906169491524,false
UKR,Final,ALL,null,34200000,10849697,4118954,null,null,null,HUKR25,8006,2025-01-01,2025-12-31,Ukraine Humanitarian Needs and Response Plan 2025,Humanitarian needs and response plan | cluster | en,UKR,2025,2633534010,2633534010,242.72880173520053,false
MOZ,HNRP caseload,ALL,null,35600000,2356162,1745582,null,null,null,FMOZ25,8176,2025-01-01,2025-07-31,Mozambique Drought Flash Appeal 2025,cluster | en | Flash appeal,MOZ,2025,133082917,133082917,56.48292434900486,false
SYR,GHO Estimates,ALL,null,25600000,16500000,10300000,null,null,null,FSYR25,7689,2025-01-01,2025-12-31,Syrian Arab Republic Humanitarian Response Priorities – January-December 2025,sector | en | Flash appeal,SYR,2025,1236523386,3186585280,193.12638448484847,false
MOZ,HNRP caseload,ALL,null,35600000,2356162,1745582,null,null,null,HMOZ25,7643,2025-01-01,2025-12-31,Mozambique Humanitarian Needs and Response Plan 2025,Humanitarian needs and response plan | cluster | en,MOZ,2025,352096942,352096942,149.43663805799432,false
TCD,Final Caseload,ALL,null,21000000,4509014,3352810,null,null,null,HTCD25,7900,2025-01-01,2025-12-31,Tchad Besoins Humanitaires et Plan de Réponse 2025,Humanitarian needs and response plan | sector | fr,TCD,2025,1454258243,1454258243,322.5224636694408,false
SDN,Final,ALL,null,51700000,33699770,20419163,null,null,null,HSDN25,8318,2025-01-01,2025-12-31,Sudan Humanitarian Needs and Response Plan 2025,Humanitarian needs and response plan | cluster | en,SDN,2025,4162518656,4162518656,123.51772059677087,false
COL,GHO Estimates,ALL,null,53400000,6900000,2600000,null,null,null,HCOL25,7223,2025-01-01,2025-12-31,Colombia Necesidades Humanitarias y Plan de Respuesta 2025,Humanitarian needs and response plan | cluster | es,COL,2025,342308343,342308343,49.60990608695652,false
SSD,Final caseload,ALL,null,14363363,9913863,4343435,null,null,null,HSSD25,7317,2025-01-01,2025-12-31,South Sudan Humanitarian Needs and Response Plan 2025,Humanitarian needs and response plan | cluster | en,SSD,2025,1669778643,1694778653,170.95037766811987,false
HTI,Final HNRP,ALL,null,11899555,6414193,4162202,null,null,null,HHTI25,7960,2025-01-01,2025-12-31,Haiti Besoins Humanitaires et Plan de Réponse 2025,Humanitarian needs and response plan | cluster | fr,HTI,2025,908159989,908159989,141.58601089801945,false
AFG,Plan caseload,ALL,null,48595632,21889283,17479657,null,null,null,HAFG25,8257,2025-01-01,2025-12-31,Afghanistan Humanitarian Needs and Response Plan 2025,Humanitarian needs and response plan | cluster | en,AFG,2025,2416811546,2416811546,110.41071603803944,false
SYR,GHO Estimates,ALL,null,25600000,16500000,10300000,null,null,null,OSYR24,6948,2024-10-01,2024-12-31,Inter-Agency Emergency Appeal for the Influx from Lebanon to Syria 2024,sector | en | Other,SYR,2024,135664082,135664082,8.222065454545454,true
MOZ,HNRP caseload,ALL,null,35600000,2356162,1745582,null,null,null,FMOZ24,6400,2024-08-01,2024-12-31,Mozambique Drought Flash Appeal 2024,cluster | en | Flash appeal,MOZ,2024,89025047,89025047,37.78392487443563,true
VEN,GHO Estimates,ALL,null,28500000,7900000,5400000,null,null,null,HVEN24,7504,2024-01-01,2024-12-31,Venezuela Plan de Respuesta Humanitaria 2024,cluster | es | Humanitarian response plan,VEN,2024,617034811,617034811,78.1056729113924,false
TCD,Final Caseload,ALL,null,21000000,4509014,3352810,null,null,null,HTCD24,7301,2024-01-01,2024-12-31,Tchad Besoins Humanitaires et Plan de Réponse 2024,Humanitarian needs and response plan | sector | fr,TCD,2024,1124572823,1124572823,249.40547977894946,false
HTI,Final HNRP,ALL,null,11899555,6414193,4162202,null,null,null,HHTI24,7227,2024-01-01,2024-12-31,Haïti Besoins Humanitaires et Plan de Réponse 2024,Humanitarian needs and response plan | cluster | fr,HTI,2024,673767352,673767352,105.0432002903561,false
COD,Final Caseload,ALL,null,112800000,14940727,7313763,null,null,null,HCOD24,7422,2024-01-01,2024-12-31,République Démocratique du Congo Plan de Réponse Humanitaire 2024,cluster | fr | Humanitarian response plan,COD,2024,2580627746,2580627746,172.72437358637234,false
SYR,GHO Estimates,ALL,null,25600000,16500000,10300000,null,null,null,HSYR24,7939,2024-01-01,2024-12-31,Syrian Arab Republic Humanitarian Response Plan 2024,sector | en | Humanitarian response plan,SYR,2024,4074158710,4074158710,246.91870254545455,false
NER,GHO Estimates,ALL,null,27900000,2600000,1600000,null,null,null,HNER24,7027,2024-01-01,2024-12-31,Niger Besoins Humanitaires et Plan de Réponse 2024,Humanitarian needs and response plan | cluster | fr,NER,2024,662192757,662192757,254.68952615384615,false
CMR,GHO Estimates,ALL,null,29900000,2900000,1800000,null,null,null,HCMR24,7420,2024-01-01,2024-12-31,Cameroon Humanitarian Response Plan 2024,cluster | en | Humanitarian response plan,CMR,2024,371369724,371369724,128.0585268965517,false
MLI,GHO Estimates,ALL,null,25200000,5100000,3800000,null,null,null,HMLI24,7231,2024-01-01,2024-12-31,Mali Besoins Humanitaires et Plan de Réponse 2024,Humanitarian needs and response plan | cluster | fr,MLI,2024,701569941,701569941,137.5627294117647,false
NGA,GHO Estimates,ALL,null,237500000,5900000,2500000,null,null,null,HNGA24,6922,2024-01-01,2024-12-31,Nigeria Humanitarian Response Plan 2024,sector | en | Humanitarian response plan,NGA,2024,926542686,926542686,157.04112813559323,false
SOM,Final,ALL,null,19700000,4796040,2430751,null,null,null,HSOM24,7240,2024-01-01,2024-12-31,Somalia Humanitarian Needs and Response Plan 2024,Humanitarian needs and response plan | cluster | en,SOM,2024,1585259297,1585259297,330.535038073077,false
SSD,Final caseload,ALL,null,14363363,9913863,4343435,null,null,null,HSSD24,7007,2024-01-01,2024-12-31,South Sudan Humanitarian Needs and Response Plan 2024,Humanitarian needs and response plan | cluster | en,SSD,2024,1788817122,1788817122,180.4359362238514,false
BFA,GHO Estimates,ALL,null,24100000,4400000,3100000,null,null,null,HBFA24,6689,2024-01-01,2024-12-31,Burkina Faso Plan de Réponse Humanitaire 2024,cluster | fr | Humanitarian response plan,BFA,2024,934604385,934604385,212.41009454545454,false
UKR,Final,ALL,null,34200000,10849697,4118954,null,null,null,HUKR24,7247,2024-01-01,2024-12-31,Ukraine Humanitarian Needs and Response Plan 2024,Humanitarian needs and response plan | cluster | en,UKR,2024,3107702931,3107702931,286.43224230132876,false
CAF,Final,ALL,null,6567382,2286959,1265483,null,null,null,HCAF24,7421,2024-01-01,2024-12-31,République Centrafricaine Plan de Réponse Humanitaire 2024,cluster | fr | Humanitarian response plan,CAF,2024,367670976,367670976,160.7685035018118,false
MMR,Final caseload,ALL,null,54900000,16229050,4868096,null,null,null,HMMR24,7008,2024-01-01,2024-12-31,Myanmar Humanitarian Needs and Response Plan 2024,Humanitarian needs and response plan | cluster | en,MMR,2024,993548103,993548103,61.22034844923147,false
SDN,Final,ALL,null,51700000,33699770,20419163,null,null,null,HSDN24,6883,2024-01-01,2024-12-31,Sudan Humanitarian Needs and Response Plan 2024,Humanitarian needs and response plan | cluster | en,SDN,2024,2695680744,2695680744,79.99107792077382,false
AFG,Plan caseload,ALL,null,48595632,21889283,17479657,null,null,null,HAFG24,7218,2024-01-01,2024-12-31,Afghanistan Humanitarian Needs and Response Plan 2024,Humanitarian needs and response plan | cluster | en,AFG,2024,3059587797,3059587797,139.7756016140135,false
YEM,GHO Estimates,ALL,null,41800000,23100000,10500000,null,null,null,HYEM24,7748,2024-01-01,2024-12-31,Yemen Humanitarian Response Plan 2024,cluster | en | Humanitarian response plan,YEM,2024,2705762394,2705762394,117.13256727272727,false
COL,GHO Estimates,ALL,null,53400000,6900000,2600000,null,null,null,HCOL24,7056,2024-01-01,2024-12-31,Colombia Plan de Respuesta a Prioridades Comunitarias Colombia 2024 - 2025,Humanitarian needs and response plan | cluster | es,COL,2024,331990687,331990687,48.11459246376812,true
MOZ,HNRP caseload,ALL,null,35600000,2356162,1745582,null,null,null,HMOZ24,7233,2024-01-01,2024-12-31,Mozambique Humanitarian Needs and Response Plan 2024,Humanitarian needs and response plan | cluster | en,MOZ,2024,413420177,413420177,175.46339852692643,false
MOZ,HNRP caseload,ALL,null,35600000,2356162,1745582,null,null,null,OMOZ23,4540,2023-03-01,2023-09-30,"Mozambique Cyclone Freddy, Floods and Cholera Response Plan 2023",cluster | en | Other,MOZ,2023,138008861,138008861,58.57358874304908,false
SYR,GHO Estimates,ALL,null,25600000,16500000,10300000,null,null,null,FSYR23,4425,2023-02-13,2023-05-31,Syria Earthquake Flash Appeal 2023,sector | en | Flash appeal,SYR,2023,0,397623464,24.098391272727273,true
UKR,Final,ALL,null,34200000,10849697,4118954,null,null,null,HUKR23,5272,2023-01-01,2023-12-31,Ukraine Humanitarian Response Plan 2023,cluster | en | Humanitarian response plan,UKR,2023,3945656687,3945656687,363.66513977302776,false
HTI,Final HNRP,ALL,null,11899555,6414193,4162202,null,null,null,HHTI23,5412,2023-01-01,2023-12-31,Haïti Plan de Réponse Humanitaire 2023,cluster | fr | Humanitarian response plan,HTI,2023,719857713,719857713,112.22888491194449,false
TCD,Final Caseload,ALL,null,21000000,4509014,3352810,null,null,null,HTCD23,5158,2023-01-01,2023-12-31,Tchad Plan de Réponse Humanitaire 2023,sector | fr | Humanitarian response plan,TCD,2023,0,920624766,204.17429797290495,false
YEM,GHO Estimates,ALL,null,41800000,23100000,10500000,null,null,null,HYEM23,7754,2023-01-01,2023-12-31,Yemen Humanitarian Response Plan 2023,cluster | en | Humanitarian response plan,YEM,2023,4344155316,4344155316,188.0586638961039,false
SOM,Final,ALL,null,19700000,4796040,2430751,null,null,null,HSOM23,5965,2023-01-01,2023-12-31,Somalia Humanitarian Response Plan 2023,cluster | en | Humanitarian response plan,SOM,2023,2599161218,2599161218,541.9390463799301,false
SDN,Final,ALL,null,51700000,33699770,20419163,null,null,null,HSDN23,5319,2023-01-01,2023-12-31,Sudan Humanitarian Response Plan 2023,cluster | en | Humanitarian response plan,SDN,2023,1747427478,2565230201,76.1201109752447,false
VEN,GHO Estimates,ALL,null,28500000,7900000,5400000,null,null,null,HVEN23,5390,2023-01-01,2023-12-31,Venezuela Plan de Respuesta Humanitaria 2023,cluster | es | Humanitarian response plan,VEN,2023,719581691,719581691,91.08629063291139,false
CMR,GHO Estimates,ALL,null,29900000,2900000,1800000,null,null,null,HCMR23,5351,2023-01-01,2023-12-31,Cameroon Humanitarian Response Plan 2023,cluster | en | Humanitarian response plan,CMR,2023,407309869,407309869,140.45167448275862,false
MMR,Final caseload,ALL,null,54900000,16229050,4868096,null,null,null,HMMR23,5325,2023-01-01,2023-12-31,Myanmar Humanitarian Response Plan 2023,cluster | en | Humanitarian response plan,MMR,2023,764284069,886738899,54.63898872700497,false
NER,GHO Estimates,ALL,null,27900000,2600000,1600000,null,null,null,HNER23,5413,2023-01-01,2023-12-31,Niger Plan de Réponse Humanitaire 2023,cluster | fr | Humanitarian response plan,NER,2023,583906619,583906619,224.57947076923077,false
AFG,Plan caseload,ALL,null,48595632,21889283,17479657,null,null,null,HAFG23,5161,2023-01-01,2023-12-31,Afghanistan Humanitarian Response Plan 2023,cluster | en | Humanitarian response plan,AFG,2023,4627363573,3227372908,147.4407659930768,false
CAF,Final,ALL,null,6567382,2286959,1265483,null,null,null,HCAF23,5157,2023-01-01,2023-12-31,République Centrafricaine Plan de Réponse Humanitaire 2023,cluster | fr | Humanitarian response plan,CAF,2023,464843805,533305798,233.19429513165736,false
BFA,GHO Estimates,ALL,null,24100000,4400000,3100000,null,null,null,HBFA23,5154,2023-01-01,2023-12-31,Burkina Faso Plan de Réponse Humanitaire 2023,cluster | fr | Humanitarian response plan,BFA,2023,876731475,876731475,199.25714909090908,false
SSD,Final caseload,ALL,null,14363363,9913863,4343435,null,null,null,HSSD23,5303,2023-01-01,2023-12-31,South Sudan Humanitarian Response Plan 2023,en | Humanitarian response plan | cluster,SSD,2023,1699905216,2055885216,207.3747825645765,false
COL,GHO Estimates,ALL,null,53400000,6900000,2600000,null,null,null,HCOL23,5252,2023-01-01,2023-12-31,Colombia Plan de Respuesta Humanitaria 2023,cluster | es | Humanitarian response plan,COL,2023,283317893,283317893,41.06056347826087,true
COD,Final Caseload,ALL,null,112800000,14940727,7313763,null,null,null,HCOD23,5354,2023-01-01,2023-12-31,République Démocratique du Congo Plan de Réponse Humanitaire 2023,cluster | fr | Humanitarian response plan,COD,2023,2252684083,2252684083,150.77472682554202,false
MLI,GHO Estimates,ALL,null,25200000,5100000,3800000,null,null,null,HMLI23,5457,2023-01-01,2023-12-31,Mali Plan de Réponse Humanitaire 2023,cluster | fr | Humanitarian response plan,MLI,2023,751470941,751470941,147.34723764705882,false
SYR,GHO Estimates,ALL,null,25600000,16500000,10300000,null,null,null,HSYR23,5982,2023-01-01,2023-12-31,Syrian Arab Republic Humanitarian Response Plan 2023,sector | en | Humanitarian response plan,SYR,2023,0,5413802598,328.10924218181816,false
HTI,Final HNRP,ALL,null,11899555,6414193,4162202,null,null,null,FHTI2223,7435,2022-10-16,2023-04-15,Haïti Choléra+ Appel Éclair 2022,sector | fr | Flash appeal,HTI,2022,145600234,145600234,22.6996973742449,true
MOZ,HNRP caseload,ALL,null,35600000,2356162,1745582,null,null,null,FMOZ22,3844,2022-04-01,2022-09-30,Mozambique Gombe Emergency Response Plan 2022,cluster | en | Flash appeal,MOZ,2022,48073854,48073854,20.403459524429984,true
UKR,Final,ALL,null,34200000,10849697,4118954,null,null,null,FUKR22,4398,2022-03-01,2022-12-31,Ukraine Flash Appeal 2022,cluster | en | Flash appeal,UKR,2022,1139900000,4292463880,395.6298385106976,false
NER,GHO Estimates,ALL,null,27900000,2600000,1600000,null,null,null,HNER22,4332,2022-01-01,2022-12-31,Niger Plan de Réponse Humanitaire 2022,cluster | fr | Humanitarian response plan,NER,2022,552598446,552598446,212.53787076923078,false
CMR,GHO Estimates,ALL,null,29900000,2900000,1800000,null,null,null,HCMR22,4331,2022-01-01,2022-12-31,Cameroon Humanitarian Response Plan 2022,Humanitarian response plan | cluster | en,CMR,2022,376046051,376046051,129.67105103448276,false
MMR,Final caseload,ALL,null,54900000,16229050,4868096,null,null,null,HMMR22,4350,2022-01-01,2022-12-31,Myanmar Humanitarian Response Plan 2022,cluster | en | Humanitarian response plan,MMR,2022,825698032,825698032,50.8777807696692,false
CAF,Final,ALL,null,6567382,2286959,1265483,null,null,null,HCAF22,4340,2022-01-01,2022-12-31,République Centrafricaine Plan de Réponse Humanitaire 2022,fr | Humanitarian response plan | cluster,CAF,2022,461253975,461253975,201.68878585055526,false
TCD,Final Caseload,ALL,null,21000000,4509014,3352810,null,null,null,HTCD22,4387,2022-01-01,2022-12-31,Tchad Plan de Réponse Humanitaire 2022,sector | fr | Humanitarian response plan,TCD,2022,510909899,510909899,113.3085610290853,false
SOM,Final,ALL,null,19700000,4796040,2430751,null,null,null,HSOM22,4365,2022-01-01,2022-12-31,Somalia Humanitarian Response Plan 2022,cluster | en | Humanitarian response plan,SOM,2022,0,2267407090,472.7665123727075,false
MLI,GHO Estimates,ALL,null,25200000,5100000,3800000,null,null,null,HMLI22,4499,2022-01-01,2022-12-31,Mali Plan de Réponse Humanitaire 2022,fr | Humanitarian response plan | cluster,MLI,2022,685734819,685734819,134.45781333333332,false
YEM,GHO Estimates,ALL,null,41800000,23100000,10500000,null,null,null,HYEM22,7796,2022-01-01,2022-12-31,Yemen Humanitarian Response Plan 2022,cluster | en | Humanitarian response plan,YEM,2022,4271938417,4271938417,184.9323941125541,false
MOZ,HNRP caseload,ALL,null,35600000,2356162,1745582,null,null,null,HMOZ22,4495,2022-01-01,2022-12-31,Mozambique Humanitarian Response Plan 2022,cluster | en | Humanitarian response plan,MOZ,2022,388499803,388499803,164.88671322260524,false
SDN,Final,ALL,null,51700000,33699770,20419163,null,null,null,HSDN22,4353,2022-01-01,2022-12-31,Sudan Humanitarian Response Plan 2022,cluster | en | Humanitarian response plan,SDN,2022,1936697740,1936697740,57.4691709450344,false
BFA,GHO Estimates,ALL,null,24100000,4400000,3100000,null,null,null,HBFA22,4354,2022-01-01,2022-12-31,Burkina Faso Plan de Réponse Humanitaire 2022,fr | Humanitarian response plan | cluster,BFA,2022,0,805099698,182.97720727272727,false
COL,GHO Estimates,ALL,null,53400000,6900000,2600000,null,null,null,HCOL22,4040,2022-01-01,2022-12-31,Colombia Plan de Respuesta Humanitaria 2022,cluster | es | Humanitarian response plan,COL,2022,282854048,282854048,40.99334028985507,true
VEN,GHO Estimates,ALL,null,28500000,7900000,5400000,null,null,null,HVEN22,4264,2022-01-01,2022-12-31,Venezuela Plan de Respuesta Humanitaria 2022,cluster | es | Humanitarian response plan,VEN,2022,794987748,794987748,100.63136405063291,false
SSD,Final caseload,ALL,null,14363363,9913863,4343435,null,null,null,HSSD22,4352,2022-01-01,2022-12-31,South Sudan Humanitarian Response Plan 2022,cluster | en | Humanitarian response plan,SSD,2022,1699588587,1699588587,171.43555524218965,false
COD,Final Caseload,ALL,null,112800000,14940727,7313763,null,null,null,HCOD22,4317,2022-01-01,2022-12-31,République Démocratique du Congo Plan de Réponse Humanitaire 2022,Humanitarian response plan | cluster | fr,COD,2022,1881674597,1881674597,125.94264147922655,false
AFG,Plan caseload,ALL,null,48595632,21889283,17479657,null,null,null,HAFG22,4355,2022-01-01,2022-12-31,Afghanistan Humanitarian Response Plan 2022,en | Humanitarian response plan | cluster,AFG,2022,4442200000,4442200000,202.93948691971835,false
SYR,GHO Estimates,ALL,null,25600000,16500000,10300000,null,null,null,HSYR22,5981,2022-01-01,2022-12-31,Syrian Arab Republic Humanitarian Response Plan 2022 - 2023,sector | en | Humanitarian response plan,SYR,2022,4444280227,4444280227,269.35032242424245,false
AFG,Plan caseload,ALL,null,48595632,21889283,17479657,null,null,null,FAFG21,3295,2021-09-01,2021-12-31,Afghanistan Flash Appeal 2021,cluster | en | Flash appeal,AFG,2021,606261163,606261163,27.696711505045116,true
HTI,Final HNRP,ALL,null,11899555,6414193,4162202,null,null,null,FHTI2122,5775,2021-08-16,2022-02-15,Haiti Earthquake Flash Appeal 2021,sector | en | Flash appeal,HTI,2021,187295000,187295000,29.20008923959725,true
MMR,Final caseload,ALL,null,54900000,16229050,4868096,null,null,null,OMMR21,3195,2021-07-01,2021-12-31,Myanmar Interim Emergency Response Plan 2021,en | Other | cluster,MMR,2021,109161826,109161826,6.726322489609681,true
NER,GHO Estimates,ALL,null,27900000,2600000,1600000,null,null,null,HNER21,3857,2021-01-01,2021-12-31,Niger Plan de Réponse Humanitaire 2021,cluster | fr | Humanitarian response plan,NER,2021,523182880,523182880,201.22418461538462,false
COL,GHO Estimates,ALL,null,53400000,6900000,2600000,null,null,null,HCOL21,5962,2021-01-01,2021-12-31,Colombia Plan de Respuesta Humanitaria 2021,cluster | es | Humanitarian response plan,COL,2021,174010305,174010305,25.21888463768116,true
UKR,Final,ALL,null,34200000,10849697,4118954,null,null,null,HUKR21,5367,2021-01-01,2021-12-31,Ukraine Humanitarian Response Plan 2021,cluster | en | Humanitarian response plan,UKR,2021,167982922,167982922,15.482729886373786,true
BFA,GHO Estimates,ALL,null,24100000,4400000,3100000,null,null,null,HBFA21,3706,2021-01-01,2021-12-31,Burkina Faso Plan de Réponse Humanitaire 2021,cluster | fr | Humanitarian response plan,BFA,2021,607875894,607875894,138.15361454545456,false
MOZ,HNRP caseload,ALL,null,35600000,2356162,1745582,null,null,null,HMOZ21,3655,2021-01-01,2021-12-31,Mozambique Humanitarian Response Plan 2021,en | Humanitarian response plan | cluster,MOZ,2021,253490356,254080356,107.83653755556706,false
SDN,Final,ALL,null,51700000,33699770,20419163,null,null,null,HSDN21,3891,2021-01-01,2021-12-31,Sudan Humanitarian Response Plan 2021,cluster | en | Humanitarian response plan,SDN,2021,1939814880,1939814880,57.56166962336358,false
CMR,GHO Estimates,ALL,null,29900000,2900000,1800000,null,null,null,HCMR21,5349,2021-01-01,2021-12-31,Cameroon Humanitarian Response Plan  2021,cluster | en | Humanitarian response plan,CMR,2021,361554315,361554315,124.67389793103449,false
AFG,Plan caseload,ALL,null,48595632,21889283,17479657,null,null,null,HAFG21,3682,2021-01-01,2021-12-31,Afghanistan Humanitarian Response Plan 2021,cluster | en | Humanitarian response plan,AFG,2021,1281635457,868666483,39.68455505442755,true
MMR,Final caseload,ALL,null,54900000,16229050,4868096,null,null,null,HMMR21,4067,2021-01-01,2021-12-31,Myanmar Humanitarian Response Plan 2021,cluster | en | Humanitarian response plan,MMR,2021,276455939,276455939,17.034634559632263,true
MLI,GHO Estimates,ALL,null,25200000,5100000,3800000,null,null,null,HMLI21,3819,2021-01-01,2021-12-31,Mali Plan de Réponse Humanitaire 2021,fr | Humanitarian response plan | cluster,MLI,2021,563286869,563286869,110.44840156862745,false
TCD,Final Caseload,ALL,null,21000000,4509014,3352810,null,null,null,HTCD21,3941,2021-01-01,2021-12-31,Tchad Plan de Réponse Humanitaire 2021,fr | Humanitarian response plan | cluster,TCD,2021,617522407,617522407,136.95287528492926,false
VEN,GHO Estimates,ALL,null,28500000,7900000,5400000,null,null,null,HVEN21,3848,2021-01-01,2021-12-31,Venezuela Plan de Respuesta Humanitaria 2021,cluster | es | Humanitarian response plan,VEN,2021,708278321,708098081,89.63267240506329,false
SYR,GHO Estimates,ALL,null,25600000,16500000,10300000,null,null,null,HSYR21,6717,2021-01-01,2021-12-31,Syrian Arab Republic Humanitarian Response Plan 2021,Humanitarian response plan | sector | en,SYR,2021,4224416702,4224416702,256.0252586666667,false
SSD,Final caseload,ALL,null,14363363,9913863,4343435,null,null,null,HSSD21,3565,2021-01-01,2021-12-31,South Sudan Humanitarian Response Plan 2021,en | Humanitarian response plan | cluster,SSD,2021,1677772788,1677772788,169.23501968909596,false
NGA,GHO Estimates,ALL,null,237500000,5900000,2500000,null,null,null,HNGA21,3709,2021-01-01,2021-12-31,Nigeria Humanitarian Response Plan 2021,en | Humanitarian response plan | sector,NGA,2021,1006358629,1006358629,170.56926372881355,false
CAF,Final,ALL,null,6567382,2286959,1265483,null,null,null,HCAF21,3633,2021-01-01,2021-12-31,République Centrafricaine Plan de Réponse Humanitaire 2021,cluster | fr | Humanitarian response plan,CAF,2021,444760000,444760000,194.47659533905068,false
COD,Final Caseload,ALL,null,112800000,14940727,7313763,null,null,null,HCOD21,3734,2021-01-01,2021-12-31,République Démocratique du Congo Plan de Réponse Humanitaire 2021,cluster | fr | Humanitarian response plan,COD,2021,1984303303,1984303303,132.81170052836117,false
SOM,Final,ALL,null,19700000,4796040,2430751,null,null,null,HSOM21,4376,2021-01-01,2021-12-31,Somalia Humanitarian Response Plan 2021,cluster | en | Humanitarian response plan,SOM,2021,1092121872,1092121872,227.7132500979975,false
YEM,GHO Estimates,ALL,null,41800000,23100000,10500000,null,null,null,HYEM21,6732,2021-01-01,2021-12-31,Yemen Humanitarian Response Plan 2021,cluster | en | Humanitarian response plan,YEM,2021,3853400000,3853456397,166.81629367965368,false
MOZ,HNRP caseload,ALL,null,35600000,2356162,1745582,null,null,null,OMOZ20a,2296,2020-06-01,2020-12-31,Cabo Delgado Province Mozambique Rapid Response Plan 2020,cluster | en | Other,MOZ,2020,0,35454000,15.047352431623972,true
MOZ,HNRP caseload,ALL,null,35600000,2356162,1745582,null,null,null,OMOZ20b,5742,2020-05-01,2020-12-31,Mozambique UN Multi-Sector Response Plan to COVID-19,cluster | en | Other,MOZ,2020,0,68105000,28.905058310931082,true
COL,GHO Estimates,ALL,null,53400000,6900000,2600000,null,null,null,OCOL20,5856,2020-05-01,2020-12-31,Colombia Plan de Respuesta Intersectorial COVID-19 2020,cluster | es | Other,COL,2020,197038395,283920647,41.14791884057971,true
CAF,Final,ALL,null,6567382,2286959,1265483,null,null,null,HCAF2021,5731,2020-01-02,2021-01-01,République Centrafricaine Plan de Réponse Humanitaire 2020,cluster | fr | Humanitarian response plan,CAF,2020,400810000,553622290,242.07791744408186,false
VEN,GHO Estimates,ALL,null,28500000,7900000,5400000,null,null,null,HVEN20,5739,2020-01-01,2020-12-31,Venezuela Plan de Respuesta Humanitaria con Panorama de Necesidades 2020,cluster | es | Humanitarian response plan,VEN,2020,674377198,762509363,96.5201741772152,false
SYR,GHO Estimates,ALL,null,25600000,16500000,10300000,null,null,null,HSYR20,4296,2020-01-01,2020-12-31,Syrian Arab Republic Humanitarian Response Plan 2020,sector | en | Humanitarian response plan,SYR,2020,3421611547,3817532832,231.365632,false
SOM,Final,ALL,null,19700000,4796040,2430751,null,null,null,HSOM20,5726,2020-01-01,2020-12-31,Somalia Humanitarian Response Plan 2020,cluster | en | Humanitarian response plan,SOM,2020,1045017876,1009926527,210.57508444466686,false
AFG,Plan caseload,ALL,null,48595632,21889283,17479657,null,null,null,HAFG20,5721,2020-01-01,2020-12-31,Afghanistan Humanitarian Response Plan 2020,en | Humanitarian response plan | cluster,AFG,2020,732600000,1131050820,51.67144251954518,false
COD,Final Caseload,ALL,null,112800000,14940727,7313763,null,null,null,HCOD20,5722,2020-01-01,2020-12-31,République Démocratique du Congo Plan de Réponse Humanitaire 2020,cluster | fr | Humanitarian response plan,COD,2020,0,2069134820,138.48956934960393,false
NER,GHO Estimates,ALL,null,27900000,2600000,1600000,null,null,null,HNER20,5826,2020-01-01,2020-12-31,Niger Plan de Réponse Humanitaire 2020,cluster | fr | Humanitarian response plan,NER,2020,399985185,516074957,198.49036307692307,false
MMR,Final caseload,ALL,null,54900000,16229050,4868096,null,null,null,HMMR20,5741,2020-01-01,2020-12-31,Myanmar Humanitarian Response Plan 2020,cluster | en | Humanitarian response plan,MMR,2020,216450000,275300000,16.96340820935298,true
MLI,GHO Estimates,ALL,null,25200000,5100000,3800000,null,null,null,HMLI20,5736,2020-01-01,2020-12-31,Mali Plan de Réponse Humanitaire 2020,Humanitarian response plan | cluster | fr,MLI,2020,390892768,474292180,92.99846901960784,false
SSD,Final caseload,ALL,null,14363363,9913863,4343435,null,null,null,HSSD20,5725,2020-01-01,2020-12-31,South Sudan Humanitarian Response Plan 2020,cluster | en | Humanitarian response plan,SSD,2020,1547036229,1899937964,191.64456075295774,false
UKR,Final,ALL,null,34200000,10849697,4118954,null,null,null,HUKR20,5730,2020-01-01,2020-12-31,Ukraine Humanitarian Response Plan 2020,cluster | en | Humanitarian response plan,UKR,2020,0,204653234,18.862575793591287,true
YEM,GHO Estimates,ALL,null,41800000,23100000,10500000,null,null,null,HYEM20,5751,2020-01-01,2020-12-31,Yemen Humanitarian Response Plan 2020,cluster | en | Humanitarian response plan,YEM,2020,3379144453,3382681703,146.4364329004329,false
COL,GHO Estimates,ALL,null,53400000,6900000,2600000,null,null,null,HCOL20,5703,2020-01-01,2020-12-31,Colombia Plan de Respuesta Humanitaria 2020,cluster | es | Humanitarian response plan,COL,2020,211400000,209700000,30.391304347826086,true
HTI,Final HNRP,ALL,null,11899555,6414193,4162202,null,null,null,HHTI20,5737,2020-01-01,2020-12-31,Haïti Plan de Réponse Humanitaire 2020,sector | fr | Humanitarian response plan,HTI,2020,253021922,471993035,73.58572216333371,false
CMR,GHO Estimates,ALL,null,29900000,2900000,1800000,null,null,null,HCMR20,5720,2020-01-01,2020-12-31,Cameroon Humanitarian Response Plan 2020,cluster | en | Humanitarian response plan,CMR,2020,321881924,390920124,134.80004413793102,false
TCD,Final Caseload,ALL,null,21000000,4509014,3352810,null,null,null,HTCD20,5735,2020-01-01,2020-12-31,Tchad Plan de Réponse Humanitaire 2020,cluster | fr | Humanitarian response plan,TCD,2020,545923185,664641160,147.40276965207914,false
BFA,GHO Estimates,ALL,null,24100000,4400000,3100000,null,null,null,HBFA20,5994,2020-01-01,2020-12-31,Burkina Faso Plan de Réponse Humanitaire 2020,cluster | fr | Humanitarian response plan,BFA,2020,311628086,424357861,96.44496727272727,false
SDN,Final,ALL,null,51700000,33699770,20419163,null,null,null,HSDN20,5719,2020-01-01,2020-12-31,Sudan Humanitarian Response Plan 2020,Humanitarian response plan | cluster | en,SDN,2020,1349856804,1633403129,48.46926946203309,true
MOZ,HNRP caseload,ALL,null,35600000,2356162,1745582,null,null,null,HMOZ19,591,2019-01-01,2019-12-31,Mozambique Humanitarian Response Plan 2019,sector | en | Humanitarian response plan,MOZ,2019,434692044,620547627,263.3722333184221,false
HTI,Final HNRP,ALL,null,11899555,6414193,4162202,null,null,null,HHTI19,6818,2019-01-01,2019-12-31,Haïti Plan de Réponse Humanitaire 2019,sector | fr | Humanitarian response plan,HTI,2019,126207627,126207627,19.67630596709516,true
TCD,Final Caseload,ALL,null,21000000,4509014,3352810,null,null,null,HTCD19,6809,2019-01-01,2019-12-31,Tchad Plan de Réponse Humanitaire 2019,cluster | fr | Humanitarian response plan,TCD,2019,476641195,476641195,105.70851720575718,false
UKR,Final,ALL,null,34200000,10849697,4118954,null,null,null,HUKR19,5705,2019-01-01,2019-12-31,Ukraine Humanitarian Response Plan 2019,Humanitarian response plan | cluster | en,UKR,2019,160971155,163640038,15.082451795658441,true
YEM,GHO Estimates,ALL,null,41800000,23100000,10500000,null,null,null,HYEM19,6814,2019-01-01,2019-12-31,Yemen Humanitarian Response Plan 2019,cluster | en | Humanitarian response plan,YEM,2019,4192680354,4192680354,181.5013180952381,false
BFA,GHO Estimates,ALL,null,24100000,4400000,3100000,null,null,null,OBFA19,6937,2019-01-01,2019-12-31,Burkina Faso Plan d'Urgence 2019,cluster | fr | Other,BFA,2019,100310030,186965134,42.492076363636365,true
MLI,GHO Estimates,ALL,null,25200000,5100000,3800000,null,null,null,HMLI19,5580,2019-01-01,2019-12-31,Mali Plan de Réponse Humanitaire 2019,cluster | fr | Humanitarian response plan,MLI,2019,297639505,323953738,63.520338823529414,false
COD,Final Caseload,ALL,null,112800000,14940727,7313763,null,null,null,HCOD19,6811,2019-01-01,2019-12-31,République Démocratique du Congo Plan de Réponse Humanitaire 2019,cluster | fr | Humanitarian response plan,COD,2019,1653700000,1653700000,110.68403619181315,false
NER,GHO Estimates,ALL,null,27900000,2600000,1600000,null,null,null,HNER19,6815,2019-01-01,2019-12-31,Niger Plan de Réponse Humanitaire 2019,cluster | fr | Humanitarian response plan,NER,2019,383101817,383101817,147.3468553846154,false
SSD,Final caseload,ALL,null,14363363,9913863,4343435,null,null,null,HSSD19,6936,2019-01-01,2019-12-31,South Sudan Humanitarian Response Plan 2019,cluster | en | Humanitarian response plan,SSD,2019,1507421344,1507421344,152.05186030914487,false
VEN,GHO Estimates,ALL,null,28500000,7900000,5400000,null,null,null,HVEN19,6938,2019-01-01,2019-12-31,Venezuela Plan de Respuesta Humanitaria 2019,Humanitarian response plan | cluster | es,VEN,2019,222724387,222724387,28.19296,true
SYR,GHO Estimates,ALL,null,25600000,16500000,10300000,null,null,null,HSYR19,6943,2019-01-01,2019-12-31,Syrian Arab Republic Humanitarian Response Plan 2019,sector | en | Humanitarian response plan,SYR,2019,3293416196,3293416196,199.60098133333332,false
AFG,Plan caseload,ALL,null,48595632,21889283,17479657,null,null,null,HAFG19,5572,2019-01-01,2019-12-31,Afghanistan Humanitarian Response Plan 2019,cluster | en | Humanitarian response plan,AFG,2019,611759986,611759986,27.947921914668385,true
SDN,Final,ALL,null,51700000,33699770,20419163,null,null,null,HSDN19,5567,2019-01-01,2019-12-31,Sudan Humanitarian Response Plan 2019,cluster | en | Humanitarian response plan,SDN,2019,1149289490,1149289490,34.10377994293611,true
CMR,GHO Estimates,ALL,null,29900000,2900000,1800000,null,null,null,HCMR19,5571,2019-01-01,2019-12-31,Cameroun Plan de Réponse Humanitaire 2019,cluster | fr | Humanitarian response plan,CMR,2019,298882369,298882369,103.06288551724138,false
CAF,Final,ALL,null,6567382,2286959,1265483,null,null,null,HCAF19,5954,2019-01-01,2019-12-31,République Centrafricaine Plan de Réponse Humanitaire 2019,cluster | en | Humanitarian response plan,CAF,2019,430700000,430700000,188.32869325597878,false
SOM,Final,ALL,null,19700000,4796040,2430751,null,null,null,HSOM19,6946,2019-01-01,2019-12-31,Somalia Humanitarian Response Plan 2019,en | Humanitarian response plan | cluster,SOM,2019,1077453103,1077453103,224.6547268162901,false
MMR,Final caseload,ALL,null,54900000,16229050,4868096,null,null,null,HMMR19,6817,2019-01-01,2019-12-31,Myanmar Humanitarian Response Plan 2019,Humanitarian response plan | cluster | en,MMR,2019,202200000,214360000,13.208413308234308,true
NGA,GHO Estimates,ALL,null,237500000,5900000,2500000,null,null,null,HNGA19,5570,2019-01-01,2019-12-31,Nigeria Humanitarian Response Strategy 2019,en | Humanitarian response plan | sector,NGA,2019,847703581,847703581,143.67856813559322,false
SYR,GHO Estimates,ALL,null,25600000,16500000,10300000,null,null,null,HSYR18,4300,2018-11-30,2018-12-30,Syrian Arab Republic Humanitarian Response Plan 2018,sector | en | Humanitarian response plan,SYR,2018,3513803946,3364410629,203.9036741818182,false
CAF,Final,ALL,null,6567382,2286959,1265483,null,null,null,HCAF18,5693,2018-01-01,2018-12-31,République Centrafricaine Plan de Réponse Humanitaire 2018,Humanitarian response plan | cluster | fr,CAF,2018,515600000,515600000,225.4522271715409,false
MMR,Final caseload,ALL,null,54900000,16229050,4868096,null,null,null,HMMR18,5697,2018-01-01,2018-12-31,Myanmar Interim Humanitarian Response Plan 2018,cluster | en | Humanitarian response plan,MMR,2018,183400000,183400000,11.300723086070965,true
SSD,Final caseload,ALL,null,14363363,9913863,4343435,null,null,null,HSSD18,5692,2018-01-01,2018-12-31,South Sudan Humanitarian Response Plan 2018,cluster | en | Humanitarian response plan,SSD,2018,1717890485,1717890485,173.28163925605992,false
YEM,GHO Estimates,ALL,null,41800000,23100000,10500000,null,null,null,HYEM18,5698,2018-01-01,2018-12-31,Yemen Humanitarian Response Plan 2018,cluster | en | Humanitarian response plan,YEM,2018,3108067800,3108067800,134.54839134199133,false
BFA,GHO Estimates,ALL,null,24100000,4400000,3100000,null,null,null,OBFA18,5695,2018-01-01,2018-12-31,Burkina Faso Plan d'Urgence et de Résilience 2018,sector | fr | Other,BFA,2018,90291110,90291110,20.52070727272727,true
TCD,Final Caseload,ALL,null,21000000,4509014,3352810,null,null,null,HTCD18,5684,2018-01-01,2018-12-31,Tchad Plan de Réponse Humanitaire 2018,cluster | fr | Humanitarian response plan,TCD,2018,543769241,543769241,120.59603629529649,false
CMR,GHO Estimates,ALL,null,29900000,2900000,1800000,null,null,null,HCMR18,5687,2018-01-01,2018-12-31,Cameroun Plan de Réponse Humanitaire 2018,cluster | fr | Humanitarian response plan,CMR,2018,304524867,319676453,110.23325793103449,false
COD,Final Caseload,ALL,null,112800000,14940727,7313763,null,null,null,HCOD18,5694,2018-01-01,2018-12-31,République Démocratique du Congo Plan de Réponse Humanitaire 2018,cluster | fr | Humanitarian response plan,COD,2018,1675200000,1675200000,112.12305800112672,false
HTI,Final HNRP,ALL,null,11899555,6414193,4162202,null,null,null,HHTI18,5750,2018-01-01,2018-12-31,Haiti Humanitarian Response Plan 2018,sector | en | Humanitarian response plan,HTI,2018,252200142,252200142,39.31907630468868,true
SDN,Final,ALL,null,51700000,33699770,20419163,null,null,null,HSDN18,5681,2018-01-01,2018-12-24,Sudan Humanitarian Response Plan 2018,Humanitarian response plan | cluster | en,SDN,2018,1007555093,1007555093,29.89798244308388,true
NER,GHO Estimates,ALL,null,27900000,2600000,1600000,null,null,null,HNER18,7419,2018-01-01,2018-12-31,Niger Plan de Réponse Humanitaire 2018,cluster | fr | Humanitarian response plan,NER,2018,329483843,338303089,130.11657846153847,false
UKR,Final,ALL,null,34200000,10849697,4118954,null,null,null,HUKR18,1121,2018-01-01,2018-12-31,Ukraine Humanitarian Response Plan 2018,Humanitarian response plan | cluster | en,UKR,2018,186909122,186909122,17.227128093991933,true
MLI,GHO Estimates,ALL,null,25200000,5100000,3800000,null,null,null,HMLI18,5564,2018-01-01,2018-12-31,Mali Plan de Réponse Humanitaire 2018,cluster | fr | Humanitarian response plan,MLI,2018,247073801,329565482,64.62068078431372,false
AFG,Plan caseload,ALL,null,48595632,21889283,17479657,null,null,null,HAFG18,5562,2018-01-01,2018-12-31,Afghanistan Humanitarian Response Plan 2018,Humanitarian response plan | cluster | en,AFG,2018,598923998,598923998,27.361514794179655,true
SOM,Final,ALL,null,19700000,4796040,2430751,null,null,null,HSOM18,5690,2018-01-01,2018-12-31,Somalia Humanitarian Response Plan 2018,cluster | en | Humanitarian response plan,SOM,2018,1542514570,1542514570,321.6225385943403,false
MOZ,HNRP caseload,ALL,null,35600000,2356162,1745582,null,null,null,FMOZ17,694,2017-02-28,2017-05-31,Mozambique Cyclone Dineo Flash Appeal 2017,cluster | en | Flash appeal,MOZ,2017,10246400,10246400,4.348767190031925,true
COD,Final Caseload,ALL,null,112800000,14940727,7313763,null,null,null,HCOD17,1108,2017-02-13,2017-12-31,République Démocratique du Congo Plan de Réponse Humanitaire 2017,cluster | fr | Humanitarian response plan,COD,2017,812614297,812614297,54.38920555873887,false
NER,GHO Estimates,ALL,null,27900000,2600000,1600000,null,null,null,HNER17,1152,2017-01-01,2017-12-31,Niger Plan de Réponse Humanitaire 2017,Humanitarian response plan | cluster | fr,NER,2017,271346996,287273789,110.48992,false
BFA,GHO Estimates,ALL,null,24100000,4400000,3100000,null,null,null,HBFA17,493,2017-01-01,2017-12-31,Burkina Faso Plan de Réponse Humanitaire 2017,fr | Humanitarian response plan | sector,BFA,2017,61089000,61089000,13.883863636363637,true
TCD,Final Caseload,ALL,null,21000000,4509014,3352810,null,null,null,HTCD17,491,2017-01-01,2017-12-31,Tchad Plan de Réponse Humanitaire 2017,Humanitarian response plan | cluster | fr,TCD,2017,588608263,588608263,130.54034784544913,false
SYR,GHO Estimates,ALL,null,25600000,16500000,10300000,null,null,null,HSYR17,45,2017-01-01,2017-12-31,Syrian Arab Republic Humanitarian Response Plan 2017,cluster | en | Humanitarian response plan,SYR,2017,3407792269,3351303574,203.10931393939393,false
CMR,GHO Estimates,ALL,null,29900000,2900000,1800000,null,null,null,HCMR17,489,2017-01-01,2017-12-31,Cameroun Plan de Réponse Humanitaire 2017,Humanitarian response plan | cluster | fr,CMR,2017,309643212,238094671,82.10161103448276,false
SSD,Final caseload,ALL,null,14363363,9913863,4343435,null,null,null,HSSD17,424,2017-01-01,2017-12-31,South Sudan Humanitarian Response Plan 2017,cluster | en | Humanitarian response plan,SSD,2017,1639694893,1639694893,165.39414030635686,false
HTI,Final HNRP,ALL,null,11899555,6414193,4162202,null,null,null,HHTI17,429,2017-01-01,2017-12-31,Haiti Humanitarian Response Plan 2017,Humanitarian response plan | sector | en,HTI,2017,291459691,192223638,29.968482707021757,true
SDN,Final,ALL,null,51700000,33699770,20419163,null,null,null,HSDN17,1109,2017-01-01,2017-12-31,Sudan Humanitarian Response Plan 2017,en | Humanitarian response plan | cluster,SDN,2017,803966226,803966226,23.85672827183855,true
NGA,GHO Estimates,ALL,null,237500000,5900000,2500000,null,null,null,HNGA17,430,2017-01-01,2017-12-31,Nigeria Humanitarian Response Plan 2017,sector | en | Humanitarian response plan,NGA,2017,1054431494,1054431494,178.7172013559322,false
MLI,GHO Estimates,ALL,null,25200000,5100000,3800000,null,null,null,HMLI17,1153,2017-01-01,2017-12-31,Mali Plan de Réponse Humanitaire 2017,cluster | fr | Humanitarian response plan,MLI,2017,293098319,304734494,59.75186196078431,false
CAF,Final,ALL,null,6567382,2286959,1265483,null,null,null,HCAF17,1034,2017-01-01,2017-12-31,République Centrafricaine Plan de Réponse Humanitaire 2017,Humanitarian response plan | cluster | fr,CAF,2017,497300000,497300000,217.4503347021088,false
MMR,Final caseload,ALL,null,54900000,16229050,4868096,null,null,null,HMMR17,1103,2017-01-01,2017-12-31,Myanmar Humanitarian Response Plan 2017,Humanitarian response plan | cluster | en,MMR,2017,150300000,150300000,9.261170555269716,true
SOM,Final,ALL,null,19700000,4796040,2430751,null,null,null,HSOM17,552,2017-01-01,2017-12-31,Somalia Humanitarian Response Plan 2017,en | Humanitarian response plan | cluster,SOM,2017,865665164,1507846515,314.3940684397962,false
UKR,Final,ALL,null,34200000,10849697,4118954,null,null,null,HUKR17,1021,2017-01-01,2017-12-31,Ukraine Humanitarian Response Plan 2017,cluster | en | Humanitarian response plan,UKR,2017,214058212,203608611,18.766294395133798,true
YEM,GHO Estimates,ALL,null,41800000,23100000,10500000,null,null,null,HYEM17,1148,2017-01-01,2017-12-31,Yemen Humanitarian Response Plan 2017,cluster | en | Humanitarian response plan,YEM,2017,2067662020,2338796140,101.24658147186148,false
HTI,Final HNRP,ALL,null,11899555,6414193,4162202,null,null,null,FHTI16,469,2016-10-10,2016-12-31,Haiti Hurricane Matthew Flash Appeal 2016,sector | en | Flash appeal,HTI,2016,119850000,139026849,21.67487757228384,true
AFG,Plan caseload,ALL,null,48595632,21889283,17479657,null,null,null,FAFG16,504,2016-09-01,2016-12-31,Afghanistan Flash Appeal 2016,cluster | en | Flash appeal,AFG,2016,152100000,152100000,6.948605536846249,true
NGA,GHO Estimates,ALL,null,237500000,5900000,2500000,null,null,null,HNGA16,412,2016-01-01,2016-12-31,Nigeria Humanitarian Response Plan 2016,sector | en | Humanitarian response plan,NGA,2016,247907718,484179598,82.06433627118643,false
NER,GHO Estimates,ALL,null,27900000,2600000,1600000,null,null,null,HNER16,1097,2016-01-01,2016-12-31,Niger Plan de Réponse Humanitaire 2016,Humanitarian response plan | cluster | fr,NER,2016,315985017,260473199,100.182,false
SYR,GHO Estimates,ALL,null,25600000,16500000,10300000,null,null,null,HSYR16,1011,2016-01-01,2016-12-31,Syrian Arab Republic Humanitarian Response Plan 2016,cluster | en | Humanitarian response plan,SYR,2016,3184409473,3193669810,193.5557507878788,false
MMR,Final caseload,ALL,null,54900000,16229050,4868096,null,null,null,HMMR16,503,2016-01-01,2016-12-31,Myanmar Humanitarian Response Plan 2016,cluster | en | Humanitarian response plan,MMR,2016,189500000,189500000,11.676592283590228,true
CMR,GHO Estimates,ALL,null,29900000,2900000,1800000,null,null,null,HCMR16,498,2016-01-01,2016-12-31,Cameroun Plan de Réponse Humanitaire 2016,cluster | fr | Humanitarian response plan,CMR,2016,282178352,232209685,80.07230344827586,false
MLI,GHO Estimates,ALL,null,25200000,5100000,3800000,null,null,null,HMLI16,378,2016-01-01,2016-12-31,Mali Plan de Réponse Humanitaire 2016,cluster | fr | Humanitarian response plan,MLI,2016,354052695,354052695,69.42209882352941,false
UKR,Final,ALL,null,34200000,10849697,4118954,null,null,null,HUKR1615,462,2016-01-01,2016-12-31,Ukraine Humanitarian Response Plan 2016,cluster | en | Humanitarian response plan,UKR,2016,297907511,297907511,27.45768107625494,true
BFA,GHO Estimates,ALL,null,24100000,4400000,3100000,null,null,null,HBFA16,975,2016-01-01,2016-12-31,Burkina Faso Plan de Réponse Humanitaire 2016,sector | fr | Humanitarian response plan,BFA,2016,90524923,90524923,20.573845454545456,true
SDN,Final,ALL,null,51700000,33699770,20419163,null,null,null,HSDN16,506,2016-01-01,2016-12-31,Sudan Humanitarian Response Plan 2016,cluster | en | Humanitarian response plan,SDN,2016,952191245,971776614,28.83630059411685,true
SSD,Final caseload,ALL,null,14363363,9913863,4343435,null,null,null,HSSD16,1059,2016-01-01,2016-12-31,South Sudan Humanitarian Response Plan 2016,Humanitarian response plan | cluster | en,SSD,2016,1285860205,1291081324,130.22989565217918,false
HTI,Final HNRP,ALL,null,11899555,6414193,4162202,null,null,null,HHTI16,415,2016-01-01,2016-12-31,Haiti Humanitarian Response Plan 2016,Humanitarian response plan | sector | en,HTI,2016,193786861,193786861,30.212197231982262,true
CAF,Final,ALL,null,6567382,2286959,1265483,null,null,null,HCAF16,1064,2016-01-01,2016-12-31,République Centrafricaine Plan de Réponse Humanitaire 2016,Humanitarian response plan | cluster | fr,CAF,2016,531500000,531500000,232.40469112039176,false
YEM,GHO Estimates,ALL,null,41800000,23100000,10500000,null,null,null,HYEM16,1016,2016-01-01,2016-12-31,Yemen Humanitarian Response Plan 2016,en | Humanitarian response plan | cluster,YEM,2016,1632652363,1632652363,70.67759376623377,false
TCD,Final Caseload,ALL,null,21000000,4509014,3352810,null,null,null,HTCD16,411,2016-01-01,2016-12-31,Tchad Plan de Réponse Humanitaire 2016,Humanitarian response plan | cluster | fr,TCD,2016,566558928,541328374,120.05471351386356,false
COD,Final Caseload,ALL,null,112800000,14940727,7313763,null,null,null,HCOD16,417,2016-01-01,2016-12-31,République Démocratique du Congo Plan de Réponse Humanitaire 2016,cluster | fr | Humanitarian response plan,COD,2016,690000000,690000000,46.18249165519188,true
AFG,Plan caseload,ALL,null,48595632,21889283,17479657,null,null,null,HAFG16,464,2016-01-01,2016-12-31,Afghanistan Humanitarian Response Plan 2016,cluster | en | Humanitarian response plan,AFG,2016,338833024,338833024,15.479401884502025,true
SOM,Final,ALL,null,19700000,4796040,2430751,null,null,null,HSOM16,501,2016-01-01,2016-12-31,Somalia Humanitarian Response Plan 2016,Humanitarian response plan | cluster | en,SOM,2016,885189342,885189342,184.56670753371532,false
HTI,Final HNRP,ALL,null,11899555,6414193,4162202,null,null,null,FHTI15,7425,2015-08-01,2015-12-31,Haiti Urgent Request for Humanitarian Funding 2015,sector | en | Flash appeal,HTI,2015,25520762,25520762,3.978795461876498,true
UKR,Final,ALL,null,34200000,10849697,4118954,null,null,null,HUKR15,486,2015-01-01,2015-12-31,Ukraine Strategic Response Plan 2015,Strategic response plan | cluster | en,UKR,2015,189125000,316000000,29.125237322295728,true
CMR,GHO Estimates,ALL,null,29900000,2900000,1800000,null,null,null,HCMR15,488,2015-01-01,2015-12-31,Cameroun Plan de Réponse Stratégique 2015,Strategic response plan | cluster | fr,CMR,2015,264023457,264023457,91.04257103448276,false
CAF,Final,ALL,null,6567382,2286959,1265483,null,null,null,HCAF15,485,2015-01-01,2015-12-31,République Centrafricaine Plan de Réponse Stratégique 2015,Strategic response plan | cluster | fr,CAF,2015,612958926,612958926,268.0235684155247,false
COD,Final Caseload,ALL,null,112800000,14940727,7313763,null,null,null,HCOD15,213,2015-01-01,2015-12-31,République Démocratique du Congo Plan de Réponse Stratégique 2015,Strategic response plan | cluster | fr,COD,2015,692000000,692000000,46.31635394984461,true
SOM,Final,ALL,null,19700000,4796040,2430751,null,null,null,HSOM15,406,2015-01-01,2015-12-31,Somalia Strategic Response Plan 2015,Strategic response plan | cluster | en,SOM,2015,862579628,862579628,179.85247162242183,false
MMR,Final caseload,ALL,null,54900000,16229050,4868096,null,null,null,HMMR15,372,2015-01-01,2015-12-31,Myanmar Strategic Response Plan 2015,Strategic response plan | cluster | en,MMR,2015,265044894,265044894,16.33151022395026,true
SYR,GHO Estimates,ALL,null,25600000,16500000,10300000,null,null,null,HSYR15,1005,2015-01-01,2015-12-31,Syrian Arab Republic Strategic Response Plan 2015,Strategic response plan | sector | en,SYR,2015,2893444593,2893444593,175.36027927272727,false
MLI,GHO Estimates,ALL,null,25200000,5100000,3800000,null,null,null,HMLI15,68,2015-01-01,2015-12-31,Mali Plan de Réponse Stratégique 2015,Strategic response plan | cluster | fr,MLI,2015,377381530,377381530,73.99637960784314,false
NGA,GHO Estimates,ALL,null,237500000,5900000,2500000,null,null,null,HNGA15,1048,2015-01-01,2015-12-31,Nigeria Strategic Response Plan 2015,Strategic response plan | sector | en,NGA,2015,100263495,100263495,16.993812881355932,true
AFG,Plan caseload,ALL,null,48595632,21889283,17479657,null,null,null,HAFG15,1082,2015-01-01,2015-12-31,Afghanistan Strategic Response Plan 2015,Strategic response plan | cluster | en,AFG,2015,405400000,416666132,19.035165517519896,true
TCD,Final Caseload,ALL,null,21000000,4509014,3352810,null,null,null,HTCD15,449,2015-01-01,2015-12-31,Tchad Plan de Réponse Stratégique 2015,Strategic response plan | cluster | fr,TCD,2015,571597807,571597807,126.7678086606074,false
NER,GHO Estimates,ALL,null,27900000,2600000,1600000,null,null,null,HNER15,1006,2015-01-01,2015-12-31,Niger Plan de Réponse Stratégique 2015,Strategic response plan | cluster | fr,NER,2015,375720263,375720263,144.50779076923078,false
SDN,Final,ALL,null,51700000,33699770,20419163,null,null,null,HSDN15,1081,2015-01-01,2015-12-31,Sudan Strategic Response Plan 2015,Strategic response plan | cluster | en,SDN,2015,1035894093,1035894093,30.738908350941763,true
SSD,Final caseload,ALL,null,14363363,9913863,4343435,null,null,null,HSSD15,481,2015-01-01,2015-12-31,South Sudan Strategic Response Plan 2015,Strategic response plan | cluster | en,SSD,2015,1807069154,1635521095,164.97314437369167,false
BFA,GHO Estimates,ALL,null,24100000,4400000,3100000,null,null,null,HBFA15,487,2015-01-01,2015-12-31,Burkina Faso Plan de Réponse Stratégique 2015,Strategic response plan | sector | fr,BFA,2015,98761764,98761764,22.445854545454544,true
YEM,GHO Estimates,ALL,null,41800000,23100000,10500000,null,null,null,HYEM15,452,2015-01-01,2015-12-31,Yemen Strategic Response Plan 2015,Strategic response plan | cluster | en,YEM,2015,747517644,1600821448,69.29963220779221,false
UKR,Final,ALL,null,34200000,10849697,4118954,null,null,null,FUKR14,495,2014-08-15,2014-12-31,Ukraine Preliminary Response Plan 2014,sector | en | Flash appeal,UKR,2014,33201996,33201996,3.0601772565630174,true
HTI,Final HNRP,ALL,null,11899555,6414193,4162202,null,null,null,HHTI14,441,2014-01-01,2014-12-31,Haiti Strategic Response Plan 2014,Strategic response plan | sector | en,HTI,2014,168974256,157454953,24.54789869902574,true
CAF,Final,ALL,null,6567382,2286959,1265483,null,null,null,HCAF14,400,2014-01-01,2014-12-31,République Centrafricaine Plan de Réponse Stratégique 2014,Strategic response plan | cluster | fr,CAF,2014,246772031,555425562,242.8664160573058,false
MLI,GHO Estimates,ALL,null,25200000,5100000,3800000,null,null,null,HMLI14,368,2014-01-01,2014-12-31,Mali Plan de Réponse Stratégique 2014,fr | Strategic response plan | cluster,MLI,2014,568416225,481021163,94.31787294117647,false
TCD,Final Caseload,ALL,null,21000000,4509014,3352810,null,null,null,HTCD14,1074,2014-01-01,2014-12-31,Tchad Plan de Réponse Stratégique 2014,Strategic response plan | cluster | fr,TCD,2014,527350382,618458074,137.16037430799727,false
SOM,Final,ALL,null,19700000,4796040,2430751,null,null,null,HSOM14,402,2014-01-01,2014-12-31,Somalia Strategic Response Plan 2014,Strategic response plan | cluster | en,SOM,2014,933070303,933070303,194.55014386869166,false
YEM,GHO Estimates,ALL,null,41800000,23100000,10500000,null,null,null,HYEM14,967,2014-01-01,2014-12-31,Yemen Strategic Response Plan 2014,Strategic response plan | cluster | en,YEM,2014,591616992,595983384,25.800145454545454,true
SYR,GHO Estimates,ALL,null,25600000,16500000,10300000,null,null,null,SSYR14,7404,2014-01-01,2014-12-31,Syria Humanitarian Assistance Response Plan 2014,en | Strategic response plan | sector,SYR,2014,2276149354,2256199013,136.739328,false
CMR,GHO Estimates,ALL,null,29900000,2900000,1800000,null,null,null,HCMR14,404,2014-01-01,2014-12-31,Cameroun Plan de Réponse Stratégique 2014,cluster | fr | Strategic response plan,CMR,2014,48462739,125770226,43.36904275862069,true
NGA,GHO Estimates,ALL,null,237500000,5900000,2500000,null,null,null,HNGA14,1043,2014-01-01,2014-12-31,Nigeria Strategic Response Plan 2014,Strategic response plan | sector | en,NGA,2014,74860697,93397393,15.830066440677966,true
COD,Final Caseload,ALL,null,112800000,14940727,7313763,null,null,null,SCOD14,7402,2014-01-01,2014-12-31,République Démocratique du Congo Plan de Réponse Stratégique 2014,Strategic response plan | cluster | fr,COD,2014,832097250,832097250,55.69322563754763,false
AFG,Plan caseload,ALL,null,48595632,21889283,17479657,null,null,null,HAFG14,997,2014-01-01,2014-12-31,Afghanistan Strategic Response Plan 2014,Strategic response plan | cluster | en,AFG,2014,406429895,406429895,18.56752774553978,true
NER,GHO Estimates,ALL,null,27900000,2600000,1600000,null,null,null,HNER14,367,2014-01-01,2014-12-31,Niger Plan de Réponse Stratégique 2014,cluster | fr | Strategic response plan,NER,2014,390922652,305236428,117.39862153846154,false
SDN,Final,ALL,null,51700000,33699770,20419163,null,null,null,HSDN14,442,2014-01-01,2014-12-31,Sudan Strategic Response Plan 2014,Strategic response plan | cluster | en,SDN,2014,995517357,985696822,29.249365514919866,true
SSD,Final caseload,ALL,null,14363363,9913863,4343435,null,null,null,SSSD14,7399,2014-01-01,2014-12-31,South Sudan Crisis Response Plan 2014,Strategic response plan | cluster | en,SSD,2014,1101369452,1801753424,181.74080799785108,false
MMR,Final caseload,ALL,null,54900000,16229050,4868096,null,null,null,SMMR14,7400,2014-01-01,2014-12-31,Myanmar Strategic Response Plan 2014,Strategic response plan | cluster | en,MMR,2014,192023000,192023000,11.832054741343455,true
MMR,Final caseload,ALL,null,54900000,16229050,4868096,null,null,null,OMMR13,996,2013-03-01,2013-12-31,Myanmar - Kachin Response Plan 2013 (March - December 2013),Other,MMR,2013,50907000,51297000,3.1608134795320737,true
BFA,GHO Estimates,ALL,null,24100000,4400000,3100000,null,null,null,CBFA13,212,2013-01-01,2013-12-31,Burkina Faso 2013,Consolidated appeals process,BFA,2013,135540819,138977186,31.585723636363635,true
TCD,Final Caseload,ALL,null,21000000,4509014,3352810,null,null,null,CTCD13,434,2013-01-01,2013-12-31,Chad 2013,Consolidated appeals process,TCD,2013,500512658,509937289,113.09285799511822,false
COD,Final Caseload,ALL,null,112800000,14940727,7313763,null,null,null,CCOD1314,363,2013-01-01,2014-05-01,Democratic Republic of the Congo 2013,cluster | fr | Consolidated appeals process,COD,2013,892643970,892643970,59.74568493219908,false
HTI,Final HNRP,ALL,null,11899555,6414193,4162202,null,null,null,CHTI13,439,2013-01-01,2013-12-31,Haiti Humanitarian Action Plan 2013,Consolidated appeals process,HTI,2013,144267000,152343810,23.751048339206505,true
SYR,GHO Estimates,ALL,null,25600000,16500000,10300000,null,null,null,CSYR13,397,2013-01-01,2013-12-31,Syria Humanitarian Assistance Response Plan (SHARP) 2013,Consolidated appeals process,SYR,2013,519627047,1409812466,85.44318060606061,false
MLI,GHO Estimates,ALL,null,25200000,5100000,3800000,null,null,null,CMLI13,1033,2013-01-01,2013-12-31,Mali 2013,Consolidated appeals process,MLI,2013,369899258,476926521,93.51500549019607,false
SOM,Final,ALL,null,19700000,4796040,2430751,null,null,null,CSOM13,1035,2013-01-01,2013-12-31,Somalia 2013,Consolidated appeals process,SOM,2013,1332496301,1153087668,240.42493723988957,false
NER,GHO Estimates,ALL,null,27900000,2600000,1600000,null,null,null,CNER13,393,2013-01-01,2013-12-31,Niger 2013,Consolidated appeals process,NER,2013,354414493,355277959,136.64536615384614,false
AFG,Plan caseload,ALL,null,48595632,21889283,17479657,null,null,null,CAFG13,389,2013-01-01,2013-12-31,Afghanistan 2013,Consolidated appeals process,AFG,2013,471463529,474428380,21.674001945426813,true
SSD,Final caseload,ALL,null,14363363,9913863,4343435,null,null,null,CSSD13,394,2013-01-01,2013-12-31,Republic of South Sudan 2013,Consolidated appeals process,SSD,2013,1157010851,1072037430,108.13518806947403,false
SDN,Final,ALL,null,51700000,33699770,20419163,null,null,null,CSDN13,365,2013-01-01,2013-12-31,Sudan 2013,Consolidated appeals process,SDN,2013,984123193,985120878,29.232275308245445,true
CAF,Final,ALL,null,6567382,2286959,1265483,null,null,null,CCAF13,988,2013-01-01,2013-12-31,Central African Republic 2013,Consolidated appeals process,CAF,2013,129311203,195136527,85.32576578766825,false
BFA,GHO Estimates,ALL,null,24100000,4400000,3100000,null,null,null,HBFA1314,44,2013-01-01,2014-12-31,Burkina Faso Plan de Réponse Stratégique 2014,Strategic response plan | sector | fr,BFA,2014,109281921,99333722,22.575845454545455,true
YEM,GHO Estimates,ALL,null,41800000,23100000,10500000,null,null,null,CYEM13,395,2013-01-01,2013-12-31,Yemen Humanitarian Response Plan 2013,Consolidated appeals process,YEM,2013,716572720,705769562,30.552793766233766,true
MMR,Final caseload,ALL,null,54900000,16229050,4868096,null,null,null,OMMR1213,474,2012-07-01,2013-12-31,Myanmar - Rakhine Response Plan 2012-2013 (July 2012 - December 2013),Other,MMR,2013,32503311,109309173,6.735402010592117,true
SYR,GHO Estimates,ALL,null,25600000,16500000,10300000,null,null,null,CSYR12,388,2012-06-05,2012-12-05,Syria Humanitarian Assistance Response Plan (SHARP) 2012,Consolidated appeals process,SYR,2012,180141764,348340163,21.111524848484848,true
MLI,GHO Estimates,ALL,null,25200000,5100000,3800000,null,null,null,CMLI12,877,2012-05-01,2012-12-31,Mali 2012,Consolidated appeals process,MLI,2012,213822578,214562367,42.071052549019605,true
BFA,GHO Estimates,ALL,null,24100000,4400000,3100000,null,null,null,CBFA12,43,2012-04-01,2012-12-31,Burkina Faso 2012,Consolidated appeals process,BFA,2012,126062151,126062151,28.65048909090909,true
SDN,Final,ALL,null,51700000,33699770,20419163,null,null,null,CSDN12,956,2012-01-01,2012-12-31,Sudan 2012,Consolidated appeals process,SDN,2012,1064170733,1051018271,31.18769957110684,true
CAF,Final,ALL,null,6567382,2286959,1265483,null,null,null,CCAF12,357,2012-01-01,2012-12-31,Central African Republic 2012,Consolidated appeals process,CAF,2012,134457734,124011764,54.225615763116,false
HTI,Final HNRP,ALL,null,11899555,6414193,4162202,null,null,null,CHTI12,277,2012-01-01,2012-12-31,Haiti 2012,Consolidated appeals process,HTI,2012,230544822,151080810,23.554142508652298,true
SOM,Final,ALL,null,19700000,4796040,2430751,null,null,null,CSOM12,873,2012-01-01,2012-12-31,Somalia 2012,Consolidated appeals process,SOM,2012,1521930554,1167739803,243.47999099256887,false
SSD,Final caseload,ALL,null,14363363,9913863,4343435,null,null,null,CSSD12,324,2012-01-01,2012-12-31,Republic of South Sudan 2012,Consolidated appeals process,SSD,2012,762882505,1176892213,118.71176351740992,false
COD,Final Caseload,ALL,null,112800000,14940727,7313763,null,null,null,CCOD1213,923,2012-01-01,2013-03-31,Democratic Republic of the Congo 2012,Consolidated appeals process,COD,2012,718555610,791331026,52.96469228036895,false
TCD,Final Caseload,ALL,null,21000000,4509014,3352810,null,null,null,CTCD12,323,2012-01-01,2012-12-31,Chad 2012,Consolidated appeals process,TCD,2012,457367146,571946997,126.84524998148154,false
YEM,GHO Estimates,ALL,null,41800000,23100000,10500000,null,null,null,CYEM12,748,2012-01-01,2012-12-31,Yemen Humanitarian Response Plan 2012,Consolidated appeals process,YEM,2012,447138200,585602868,25.350774025974026,true
NER,GHO Estimates,ALL,null,27900000,2600000,1600000,null,null,null,CNER12,807,2012-01-01,2012-12-31,Niger 2012,Consolidated appeals process,NER,2012,229150372,489640803,188.3233846153846,false
AFG,Plan caseload,ALL,null,48595632,21889283,17479657,null,null,null,CAFG1112,274,2011-11-30,2012-12-31,Afghanistan 2012,Consolidated appeals process,AFG,2012,437140634,448551322,20.491822756742522,true
SSD,Final caseload,ALL,null,14363363,9913863,4343435,null,null,null,CSSD11,356,2011-07-01,2011-12-31,Republic of South Sudan 2011,Consolidated appeals process,SSD,2011,365424039,619673235,62.50572718222957,false
AFG,Plan caseload,ALL,null,48595632,21889283,17479657,null,null,null,CAFG11,828,2011-01-01,2011-12-31,Afghanistan 2011,Consolidated appeals process,AFG,2011,678632984,582318627,26.602910172849874,true
YEM,GHO Estimates,ALL,null,41800000,23100000,10500000,null,null,null,CYEM11,271,2011-01-01,2011-12-31,Yemen Humanitarian Response Plan 2011,Consolidated appeals process,YEM,2011,224874248,292309700,12.654099393939394,true
NER,GHO Estimates,ALL,null,27900000,2600000,1600000,null,null,null,CNER11,803,2011-01-01,2011-12-31,Niger 2011,Consolidated appeals process,NER,2011,187041759,215926795,83.04876923076922,false
TCD,Final Caseload,ALL,null,21000000,4509014,3352810,null,null,null,CTCD11,354,2011-01-01,2011-12-31,Chad 2011,Consolidated appeals process,TCD,2011,506429849,535276140,118.71245642617211,false
SDN,Final,ALL,null,51700000,33699770,20419163,null,null,null,CSDN1112,270,2011-01-01,2012-01-31,Sudan 2011,Consolidated appeals process,SDN,2011,1267046281,1132952016,33.61898705059335,true
COD,Final Caseload,ALL,null,112800000,14940727,7313763,null,null,null,CCOD1112,766,2011-01-01,2012-12-31,Democratic Republic of the Congo 2011,Consolidated appeals process,COD,2011,719289671,735754098,49.24486686625089,false
SOM,Final,ALL,null,19700000,4796040,2430751,null,null,null,CSOM11,767,2011-01-01,2011-12-31,Somalia 2011,Consolidated appeals process,SOM,2011,529520029,1003322063,209.19801502906566,false
CAF,Final,ALL,null,6567382,2286959,1265483,null,null,null,CCAF11,7413,2011-01-01,2011-12-31,Central African Republic Consolidated Appeals Process 2011,cluster | en | Consolidated appeals process,CAF,2011,128825182,141947471,62.06821897550415,false
HTI,Final HNRP,ALL,null,11899555,6414193,4162202,null,null,null,CHTI1011,953,2010-12-01,2011-12-31,Haiti 2011,Consolidated appeals process,HTI,2011,910489407,382390619,59.61632648097742,false
BFA,GHO Estimates,ALL,null,24100000,4400000,3100000,null,null,null,OBFA1011,917,2010-08-01,2011-01-31,Burkina Faso Emergency Humanitarian Action Plan 2010,Other,BFA,2010,14163313,14163313,3.218934772727273,true
HTI,Final HNRP,ALL,null,11899555,6414193,4162202,null,null,null,FHTI10,350,2010-01-12,2010-12-31,Haiti Humanitarian Appeal (Revised) (January - December 2010),Flash appeal,HTI,2010,562060654,1502221330,234.20269892097105,false
COD,Final Caseload,ALL,null,112800000,14940727,7313763,null,null,null,CCOD10,823,2010-01-01,2010-12-31,Democratic Republic of the Congo 2010,Consolidated appeals process,COD,2010,827616628,827616628,55.39333126159122,false
AFG,Plan caseload,ALL,null,48595632,21889283,17479657,null,null,null,CAFG10,265,2010-01-01,2010-12-31,Afghanistan Humanitarian Action Plan 2010,Consolidated appeals process,AFG,2010,870561261,774508310,35.382988680671325,true
CAF,Final,ALL,null,6567382,2286959,1265483,null,null,null,CCAF10,140,2010-01-01,2010-12-31,Central African Republic 2010,Consolidated appeals process,CAF,2010,113615353,149882707,65.53799346643294,false
TCD,Final Caseload,ALL,null,21000000,4509014,3352810,null,null,null,CTCD10,861,2010-01-01,2010-12-31,Chad 2010,Consolidated appeals process,TCD,2010,451153765,544088494,120.66684911601516,false
SOM,Final,ALL,null,19700000,4796040,2430751,null,null,null,CSOM10,862,2010-01-01,2010-12-31,Somalia 2010,Consolidated appeals process,SOM,2010,689008615,596124332,124.2951168046972,false
SDN,Final,ALL,null,51700000,33699770,20419163,null,null,null,CSDN10,313,2010-01-01,2010-12-31,Sudan 2010,Consolidated appeals process,SDN,2010,1877499637,1843386608,54.700276393594166,false
YEM,GHO Estimates,ALL,null,41800000,23100000,10500000,null,null,null,CYEM10,223,2010-01-01,2010-12-31,Yemen Humanitarian Response Plan 2010,Consolidated appeals process,YEM,2010,180596567,186121370,8.057202424242424,true
BFA,GHO Estimates,ALL,null,24100000,4400000,3100000,null,null,null,FBFA0910,315,2009-09-10,2010-03-09,Burkina Faso Flash Appeal (September 2009 - February 2010),Flash appeal,BFA,2009,18449092,18449092,4.192975454545454,true
YEM,GHO Estimates,ALL,null,41800000,23100000,10500000,null,null,null,FYEM09,346,2009-08-01,2009-12-31,Yemen Flash Appeal (Revised) (September - December 2009),Flash appeal,YEM,2009,23750000,22668500,0.9813203463203464,true
SYR,GHO Estimates,ALL,null,25600000,16500000,10300000,null,null,null,OSYR0910,737,2009-07-15,2010-06-14,Syria Drought Response Plan (Revised) (July 2009 - June 2010),Other,SYR,2009,52938616,43687572,2.6477316363636363,true
SOM,Final,ALL,null,19700000,4796040,2430751,null,null,null,CSOM09,309,2009-01-01,2009-12-31,Somalia 2009,Consolidated appeals process,SOM,2009,918844550,851842253,177.61366460663382,false
SDN,Final,ALL,null,51700000,33699770,20419163,null,null,null,CSDN09,134,2009-01-01,2009-12-31,Sudan 2009,Consolidated appeals process,SDN,2009,2189169042,2111251778,62.6488538437416,false
TCD,Final Caseload,ALL,null,21000000,4509014,3352810,null,null,null,CTCD09,196,2009-01-01,2009-12-31,Chad 2009,Consolidated appeals process,TCD,2009,388940350,400558371,88.83502424255059,false
CAF,Final,ALL,null,6567382,2286959,1265483,null,null,null,CCAF09,793,2009-01-01,2009-12-31,Central African Republic 2009,Consolidated appeals process,CAF,2009,116480737,100447041,43.92166190998614,true
COD,Final Caseload,ALL,null,112800000,14940727,7313763,null,null,null,CCOD09,776,2009-01-01,2009-12-30,Democratic Republic of the Congo 2009,Consolidated appeals process,COD,2009,831005682,946252242,63.333747012444576,false
AFG,Plan caseload,ALL,null,48595632,21889283,17479657,null,null,null,CAFG09,942,2009-01-01,2009-12-31,Afghanistan Humanitarian Action Plan 2009,Consolidated appeals process,AFG,2009,603981153,664923055,30.376647861117796,true
YEM,GHO Estimates,ALL,null,41800000,23100000,10500000,null,null,null,FYEM0809,385,2008-11-01,2009-04-30,Yemen Floods Response Plan (November - April) 2008 [unrevised as of April 2008; appeal closed at 45% funding and unmet requirements reduced to zero] ,Flash appeal,YEM,2008,11483150,5113261,0.22135329004329005,true
SYR,GHO Estimates,ALL,null,25600000,16500000,10300000,null,null,null,OSYR0809,858,2008-10-01,2009-04-30,Syria Drought Appeal 2008,Other,SYR,2008,20228570,20397906,1.2362367272727273,true
HTI,Final HNRP,ALL,null,11899555,6414193,4162202,null,null,null,FHTI0809,307,2008-09-01,2009-03-31,Haiti Flash Appeal (Revised) 2008,Flash appeal,HTI,2008,107714621,121100791,18.88012911367026,true
AFG,Plan caseload,ALL,null,48595632,21889283,17479657,null,null,null,OAFG0809,133,2008-07-01,2009-06-30,Afghanistan Joint Emergency Appeal 2008: High Food Price and Drought Crisis (July 2008 - June 2009),Other,AFG,2008,404319728,404319728,18.47112696788072,true
MMR,Final caseload,ALL,null,54900000,16229050,4868096,null,null,null,FMMR08,904,2008-05-01,2008-11-30,Myanmar Flash Appeal (Revised) 2008,Flash appeal,MMR,2008,187538101,477134253,29.40001047504321,true
MOZ,HNRP caseload,ALL,null,35600000,2356162,1745582,null,null,null,FMOZ08,93,2008-02-01,2008-08-08,Southern African Region Preparedness and Response Plan 2008 [unrevised as of Nov. 2008; appeal closed at 33% funding and unmet requirements reduced to zero] ,sector | en | Regional response plan,MOZ,2008,86147525,26430016,11.217401859464672,true
AFG,Plan caseload,ALL,null,48595632,21889283,17479657,null,null,null,OAFG08,42,2008-02-01,2008-06-30,Afghanistan Joint Appeal 2008: Humanitarian Consequences of Rise in Food Prices (February - June 2008),Other,AFG,2008,81321254,81321254,3.7151172235693046,true
SDN,Final,ALL,null,51700000,33699770,20419163,null,null,null,CSDN08,789,2008-01-01,2008-12-31,Sudan Work Plan 2008 (Humanitarian/Early Recovery Component) ,Consolidated appeals process,SDN,2008,1864188415,2004531299,59.482051271094804,false
COD,Final Caseload,ALL,null,112800000,14940727,7313763,null,null,null,CCOD08,729,2008-01-01,2008-12-31,Democratic Republic of the Congo 2008 Humanitarian Action Plan,Consolidated appeals process,COD,2008,575654173,736511765,49.29557604526205,false
TCD,Final Caseload,ALL,null,21000000,4509014,3352810,null,null,null,CTCD08,935,2008-01-01,2008-12-31,Chad 2008,Consolidated appeals process,TCD,2008,287661130,318333181,70.59928933465277,false
CAF,Final,ALL,null,6567382,2286959,1265483,null,null,null,CCAF08,902,2008-01-01,2008-12-31,Central African Republic 2008,Consolidated appeals process,CAF,2008,87070059,119685685,52.33398937191266,false
SOM,Final,ALL,null,19700000,4796040,2430751,null,null,null,CSOM08,130,2008-01-01,2008-12-31,Somalia 2008,Consolidated appeals process,SOM,2008,406235651,662543578,138.14387536384183,false
BFA,GHO Estimates,ALL,null,24100000,4400000,3100000,null,null,null,FBFA0708,727,2007-11-01,2008-01-31,Burkina Faso Floods Flash Appeal 2007,Flash appeal,BFA,2007,5967000,5967000,1.3561363636363637,true
SDN,Final,ALL,null,51700000,33699770,20419163,null,null,null,FSDN0708,334,2007-08-01,2008-01-31,Sudan Flash Appeal: Flood Response 2007,Flash appeal,SDN,2007,34651239,34651239,1.028233784873534,true
MOZ,HNRP caseload,ALL,null,35600000,2356162,1745582,null,null,null,FMOZ07,724,2007-03-01,2007-06-30,Mozambique Floods and Cyclone Flash Appeal 2007,Flash appeal,MOZ,2007,37619682,38677251,16.41536193181963,true
TCD,Final Caseload,ALL,null,21000000,4509014,3352810,null,null,null,CTCD07,895,2007-01-01,2007-12-31,Chad 2007,Consolidated appeals process,TCD,2007,170664445,277415892,61.52473778080973,false
SDN,Final,ALL,null,51700000,33699770,20419163,null,null,null,CSDN07,1030,2007-01-01,2007-12-31,Sudan Work Plan 2007 (Humanitarian Action component) ,Consolidated appeals process,SDN,2007,1259448841,1333440796,39.568247710191955,true
COD,Final Caseload,ALL,null,112800000,14940727,7313763,null,null,null,CCOD07,638,2007-01-01,2007-12-31,Democratic Republic of the Congo 2007 Humanitarian Action Plan,Consolidated appeals process,COD,2007,686591107,686591107,45.95433033479562,true
SOM,Final,ALL,null,19700000,4796040,2430751,null,null,null,CSOM07,892,2007-01-01,2007-12-31,Somalia 2007,Consolidated appeals process,SOM,2007,237112824,383875152,80.04001968290507,false
CAF,Final,ALL,null,6567382,2286959,1265483,null,null,null,CCAF07,246,2007-01-01,2007-12-31,Central African Republic 2007,Consolidated appeals process,CAF,2007,49520687,91406943,39.96877250532257,true
SOM,Final,ALL,null,19700000,4796040,2430751,null,null,null,FSOM0607,248,2006-12-05,2007-03-05,Somalia: 2006 Flood Response Plan,Flash appeal,SOM,2006,28616475,28616475,5.966688351223093,true
AFG,Plan caseload,ALL,null,48595632,21889283,17479657,null,null,null,OAFG06,637,2006-07-01,2006-12-31,Afghanistan Drought Joint Appeal 2006,Other,AFG,2006,76391754,119769805,5.471618349873847,true
SDN,Final,ALL,null,51700000,33699770,20419163,null,null,null,CSDN06,1029,2006-01-01,2006-12-31,Sudan Work Plan 2006 (Humanitarian Action component),Consolidated appeals process,SDN,2006,1525490203,1595020717,47.3303161018794,true
SOM,Final,ALL,null,19700000,4796040,2430751,null,null,null,CSOM06,90,2006-01-01,2006-12-31,Somalia 2006,Consolidated appeals process,SOM,2006,174116815,323754543,67.5045512547852,false
COD,Final Caseload,ALL,null,112800000,14940727,7313763,null,null,null,CCOD06,982,2006-01-01,2006-12-31,Democratic Republic of the Congo Action Plan 2006,Consolidated appeals process,COD,2006,644929808,696024728,46.58573200621362,true
CAF,Final,ALL,null,6567382,2286959,1265483,null,null,null,CCAF06,81,2006-01-01,2006-12-31,Central African Republic 2006,Consolidated appeals process,CAF,2006,46884386,38015050,16.62253149269401,true
TCD,Final Caseload,ALL,null,21000000,4509014,3352810,null,null,null,CTCD06,777,2006-01-01,2006-12-31,Chad 2006,Consolidated appeals process,TCD,2006,167069799,193368356,42.88484178580949,true
NER,GHO Estimates,ALL,null,27900000,2600000,1600000,null,null,null,FNER05,53,2005-06-01,2005-09-30,Niger  2005,Flash appeal,NER,2005,16191000,81393876,31.305335384615386,true
SOM,Final,ALL,null,19700000,4796040,2430751,null,null,null,CSOM05,89,2005-01-01,2005-12-31,Somalia 2005,Consolidated appeals process,SOM,2005,164463170,162757335,33.935773679952625,true
CAF,Final,ALL,null,6567382,2286959,1265483,null,null,null,CCAF05,711,2005-01-01,2005-12-31,Central African Republic 2005,Consolidated appeals process,CAF,2005,23610439,27858141,12.181302769310687,true
SDN,Final,ALL,null,51700000,33699770,20419163,null,null,null,OSDN05,114,2005-01-01,2005-12-31,Sudan - Humanitarian & Recovery Components of the 2005 Work Plan,Other,SDN,2005,1459154491,1910110699,56.68023352564326,false
COD,Final Caseload,ALL,null,112800000,14940727,7313763,null,null,null,CCOD05,709,2005-01-01,2005-12-31,Democratic Republic of the Congo 2005,Consolidated appeals process,COD,2005,185394640,219757245,14.708604741924539,true
TCD,Final Caseload,ALL,null,21000000,4509014,3352810,null,null,null,CTCD05,840,2005-01-01,2005-12-31,Chad 2005,Consolidated appeals process,TCD,2005,182691840,227333619,50.417589300011045,false
HTI,Final HNRP,ALL,null,11899555,6414193,4162202,null,null,null,FHTI0405,222,2004-10-01,2005-03-31,Haiti Floods  2004,Flash appeal,HTI,2004,31983516,37363304,5.825098184604049,true
AFG,Plan caseload,ALL,null,48595632,21889283,17479657,null,null,null,OAFG04,383,2004-09-01,2004-12-31,Afghanistan UN-Government Drought Appeal 2004,Other,AFG,2004,72841021,72841021,3.3277024502034878,true
HTI,Final HNRP,ALL,null,11899555,6414193,4162202,null,null,null,FHTI04,819,2004-03-01,2004-08-31,Haiti  2004,Flash appeal,HTI,2004,35074862,35797594,5.580997017083833,true
TCD,Final Caseload,ALL,null,21000000,4509014,3352810,null,null,null,CTCD04,160,2004-03-01,2004-12-31,Chad 2004,Consolidated appeals process,TCD,2004,30059635,165478646,36.699517899035136,true
COD,Final Caseload,ALL,null,112800000,14940727,7313763,null,null,null,CCOD04,756,2004-01-01,2004-12-31,Democratic Republic of the Congo 2004,Consolidated appeals process,COD,2004,187094868,162602463,10.883169473613968,true
SDN,Final,ALL,null,51700000,33699770,20419163,null,null,null,CSDN04,836,2004-01-01,2004-12-31,Sudan 2004,Consolidated appeals process,SDN,2004,241575568,726641111,21.56219852908186,true
CAF,Final,ALL,null,6567382,2286959,1265483,null,null,null,CCAF04,287,2004-01-01,2004-12-31,Central African Republic 2004,Consolidated appeals process,CAF,2004,16818752,7629331,3.3360156434811468,true
SOM,Final,ALL,null,19700000,4796040,2430751,null,null,null,CSOM04,159,2004-01-01,2004-12-31,Somalia 2004,Consolidated appeals process,SOM,2004,110616825,120026299,25.026124886364585,true
MOZ,HNRP caseload,ALL,null,35600000,2356162,1745582,null,null,null,CMOZ0304,427,2003-07-01,2004-06-30,Humanitarian Crisis in Southern Africa - MOZAMBIQUE (July 2003 - June 2004),Consolidated inter-agency appeal,MOZ,2003,21549761,20060140,8.513905240811116,true
CAF,Final,ALL,null,6567382,2286959,1265483,null,null,null,FCAF03,753,2003-04-01,2003-06-30,Central African Republic  2003,Flash appeal,CAF,2003,9100864,9100864,3.9794609348046905,true
HTI,Final HNRP,ALL,null,11899555,6414193,4162202,null,null,null,OHTI03,216,2003-03-01,2003-08-31,Haiti (PIR) 2003,Other,HTI,2003,14400757,14400757,2.245139333973892,true
SOM,Final,ALL,null,19700000,4796040,2430751,null,null,null,CSOM03,233,2003-01-01,2003-12-31,Somalia 2003,Consolidated inter-agency appeal,SOM,2003,77824105,71465950,14.901033352515826,true
AFG,Plan caseload,ALL,null,48595632,21889283,17479657,null,null,null,OAFG03,979,2003-01-01,2003-12-31,Afghanistan TAPA 2003,Other,AFG,2003,270590000,270590000,12.361757287264398,true
SDN,Final,ALL,null,51700000,33699770,20419163,null,null,null,CSDN03,894,2003-01-01,2003-12-31,Sudan 2003,Consolidated inter-agency appeal,SDN,2003,255110043,262967857,7.803254194509588,true
COD,Final Caseload,ALL,null,112800000,14940727,7313763,null,null,null,CCOD03,700,2003-01-01,2003-12-31,Democratic Republic of the Congo 2003,Consolidated inter-agency appeal,COD,2003,268645326,229407473,15.354505306200963,true
COL,GHO Estimates,ALL,null,53400000,6900000,2600000,null,null,null,OCOL03,215,2003-01-01,2003-12-31,Colombia (HAP) 2003,Other,COL,2003,79497508,79497508,11.521377391304348,true
COD,Final Caseload,ALL,null,112800000,14940727,7313763,null,null,null,CCOD02,695,2002-01-01,2002-12-31,Democratic Republic of the Congo 2002,Consolidated inter-agency appeal,COD,2002,194140365,202201192,13.533557235869447,true
SDN,Final,ALL,null,51700000,33699770,20419163,null,null,null,CSDN02,10,2002-01-01,2002-12-31,Sudan 2002,Consolidated inter-agency appeal,SDN,2002,194502863,274581481,8.147874252428087,true
SOM,Final,ALL,null,19700000,4796040,2430751,null,null,null,CSOM02,685,2002-01-01,2002-12-31,Somalia 2002,Consolidated inter-agency appeal,SOM,2002,83683971,82591643,17.220798825697866,true
AFG,Plan caseload,ALL,null,48595632,21889283,17479657,null,null,null,CAFG0102,50,2001-10-01,2002-12-31,Afghanistan 2002 (ITAP for the Afghan People),Consolidated inter-agency appeal,AFG,2002,1763894630,1780509639,81.34161428030264,false
SDN,Final,ALL,null,51700000,33699770,20419163,null,null,null,CSDN01,617,2001-01-01,2001-12-31,Sudan 2001,Consolidated inter-agency appeal,SDN,2001,194154116,251970846,7.476931235847084,true
COD,Final Caseload,ALL,null,112800000,14940727,7313763,null,null,null,CCOD01,8,2001-01-01,2001-12-31,Democratic Republic of the Congo 2001,Consolidated inter-agency appeal,COD,2001,139464891,122856090,8.222898925868869,true
SOM,Final,ALL,null,19700000,4796040,2430751,null,null,null,CSOM01,624,2001-01-01,2001-12-31,Somalia 2001,Consolidated inter-agency appeal,SOM,2001,129555919,140442999,29.283115236736975,true
AFG,Plan caseload,ALL,null,48595632,21889283,17479657,null,null,null,CAFG01,667,2001-01-01,2001-09-30,Afghanistan 2001,Consolidated inter-agency appeal,AFG,2001,0,0,0,true
SOM,Final,ALL,null,19700000,4796040,2430751,null,null,null,CSOM00,630,2000-01-01,2000-12-31,Somalia 2000,Consolidated inter-agency appeal,SOM,2000,50552783,50552783,10.540525933895463,true
COD,Final Caseload,ALL,null,112800000,14940727,7313763,null,null,null,CCOD00,622,2000-01-01,2000-12-31,Democratic Republic of the Congo 2000,Consolidated inter-agency appeal,COD,2000,71363897,37039207,2.479076687499879,true
SDN,Final,ALL,null,51700000,33699770,20419163,null,null,null,CSDN00,33,2000-01-01,2000-12-31,Sudan 2000,Consolidated inter-agency appeal,SDN,2000,125616818,131511144,3.9024346992537158,true
